0.000000,0.000000,-5.000000,1.500000,90.000000,0.000000,0.000000
0.033333,0.010000,-5.000000,1.510000,88.410000,1.510000,-0.640000
0.066667,0.020000,-4.990000,1.500000,86.810000,3.020000,-1.280000
0.100000,0.030000,-4.980000,1.490000,85.220000,4.530000,-1.920000
0.133333,0.040000,-4.980000,1.480000,83.630000,6.040000,-2.560000
0.166667,0.040000,-4.970000,1.470000,82.040000,7.540000,-3.190000
0.200000,0.050000,-4.960000,1.460000,80.440000,9.050000,-3.830000
0.233333,0.060000,-4.960000,1.450000,78.850000,10.560000,-4.470000
0.266667,0.070000,-4.950000,1.440000,77.260000,12.070000,-5.110000
0.300000,0.080000,-4.940000,1.430000,75.670000,13.580000,-5.750000
0.333333,0.090000,-4.940000,1.420000,74.070000,15.090000,-6.390000
0.366667,0.100000,-4.930000,1.410000,72.480000,16.600000,-7.030000
0.400000,0.100000,-4.920000,1.400000,70.890000,18.110000,-7.670000
0.433333,0.110000,-4.920000,1.390000,69.300000,19.620000,-8.300000
0.466667,0.120000,-4.910000,1.390000,70.050000,21.290000,-9.280000
0.500000,0.130000,-4.900000,1.380000,70.800000,22.960000,-10.250000
0.533333,0.140000,-4.900000,1.370000,71.550000,24.630000,-11.220000
0.566667,0.150000,-4.890000,1.360000,72.300000,26.300000,-12.200000
0.600000,0.150000,-4.880000,1.350000,73.050000,27.970000,-13.170000
0.633333,0.160000,-4.880000,1.340000,73.800000,29.640000,-14.150000
0.666667,0.170000,-4.870000,1.330000,74.550000,31.310000,-15.120000
0.700000,0.180000,-4.860000,1.320000,75.300000,32.980000,-16.090000
0.733333,0.180000,-4.860000,1.330000,76.050000,34.660000,-17.070000
0.766667,0.180000,-4.860000,1.350000,76.800000,36.330000,-18.040000
0.800000,0.190000,-4.860000,1.360000,77.550000,38.000000,-19.010000
0.833333,0.190000,-4.860000,1.370000,78.300000,39.670000,-19.990000
0.866667,0.190000,-4.860000,1.390000,79.050000,41.340000,-20.960000
0.900000,0.190000,-4.850000,1.400000,79.150000,40.220000,-21.330000
0.933333,0.200000,-4.850000,1.410000,79.250000,39.100000,-21.690000
0.966667,0.200000,-4.850000,1.420000,79.340000,37.980000,-22.060000
1.000000,0.200000,-4.850000,1.440000,79.440000,36.860000,-22.420000
1.033333,0.200000,-4.850000,1.450000,79.540000,35.740000,-22.790000
1.066667,0.210000,-4.850000,1.460000,79.640000,34.620000,-23.150000
1.100000,0.210000,-4.850000,1.480000,79.740000,33.500000,-23.520000
1.133333,0.210000,-4.850000,1.490000,79.840000,32.380000,-23.880000
1.166667,0.210000,-4.850000,1.500000,79.940000,31.260000,-24.250000
1.200000,0.220000,-4.840000,1.510000,80.040000,30.140000,-24.610000
1.233333,0.220000,-4.840000,1.530000,80.130000,29.020000,-24.980000
1.266667,0.220000,-4.840000,1.540000,80.230000,27.900000,-25.350000
1.300000,0.220000,-4.840000,1.550000,80.330000,26.780000,-25.710000
1.333333,0.230000,-4.840000,1.570000,80.430000,25.670000,-26.080000
1.366667,0.230000,-4.840000,1.580000,80.530000,24.550000,-26.440000
1.400000,0.230000,-4.840000,1.590000,80.630000,23.430000,-26.810000
1.433333,0.230000,-4.840000,1.600000,80.730000,22.310000,-27.170000
1.466667,0.240000,-4.840000,1.600000,80.820000,21.190000,-27.540000
1.500000,0.240000,-4.840000,1.600000,80.920000,20.070000,-27.900000
1.533333,0.240000,-4.840000,1.600000,81.020000,18.950000,-28.270000
1.566667,0.240000,-4.830000,1.600000,81.120000,17.830000,-28.630000
1.600000,0.250000,-4.830000,1.590000,81.220000,16.710000,-29.000000
1.633333,0.230000,-4.830000,1.590000,81.320000,15.590000,-29.370000
1.666667,0.220000,-4.830000,1.580000,81.420000,14.470000,-29.730000
1.700000,0.200000,-4.830000,1.570000,81.510000,13.350000,-30.100000
1.733333,0.190000,-4.820000,1.560000,81.610000,12.230000,-30.460000
1.766667,0.170000,-4.820000,1.560000,81.710000,11.110000,-30.830000
1.800000,0.160000,-4.820000,1.550000,81.810000,9.990000,-31.190000
1.833333,0.150000,-4.810000,1.540000,81.910000,8.870000,-31.560000
1.866667,0.130000,-4.810000,1.530000,83.290000,9.030000,-32.170000
1.900000,0.120000,-4.810000,1.520000,84.670000,9.200000,-32.780000
1.933333,0.100000,-4.810000,1.520000,86.050000,9.360000,-33.390000
1.966667,0.090000,-4.800000,1.510000,87.430000,9.520000,-34.000000
2.000000,0.070000,-4.800000,1.500000,88.810000,9.680000,-34.610000
2.033333,0.060000,-4.800000,1.490000,90.190000,9.850000,-35.220000
2.066667,0.050000,-4.790000,1.490000,91.570000,10.010000,-35.830000
2.100000,0.030000,-4.790000,1.480000,92.950000,10.170000,-36.440000
2.133333,0.020000,-4.790000,1.470000,94.330000,10.340000,-37.050000
2.166667,0.000000,-4.780000,1.460000,95.710000,10.500000,-37.660000
2.200000,-0.010000,-4.780000,1.450000,97.090000,10.660000,-38.280000
2.233333,-0.030000,-4.780000,1.450000,96.060000,9.860000,-37.260000
2.266667,-0.040000,-4.780000,1.440000,95.030000,9.070000,-36.240000
2.300000,-0.050000,-4.770000,1.430000,94.000000,8.270000,-35.210000
2.333333,-0.070000,-4.770000,1.420000,92.960000,7.470000,-34.190000
2.366667,-0.070000,-4.770000,1.410000,91.930000,6.670000,-33.170000
2.400000,-0.070000,-4.770000,1.400000,90.900000,5.870000,-32.150000
2.433333,-0.070000,-4.770000,1.390000,89.870000,5.070000,-31.130000
2.466667,-0.070000,-4.770000,1.380000,88.830000,4.280000,-30.110000
2.500000,-0.070000,-4.770000,1.370000,87.800000,3.480000,-29.090000
2.533333,-0.070000,-4.760000,1.360000,86.770000,2.680000,-28.070000
2.566667,-0.070000,-4.760000,1.350000,85.740000,1.880000,-27.050000
2.600000,-0.080000,-4.760000,1.340000,84.710000,1.080000,-26.030000
2.633333,-0.080000,-4.760000,1.330000,83.670000,0.290000,-25.010000
2.666667,-0.080000,-4.760000,1.320000,82.640000,-0.510000,-23.990000
2.700000,-0.080000,-4.760000,1.310000,81.610000,-1.310000,-22.970000
2.733333,-0.080000,-4.760000,1.300000,80.580000,-2.110000,-21.950000
2.766667,-0.080000,-4.760000,1.290000,79.540000,-2.910000,-20.930000
2.800000,-0.080000,-4.760000,1.280000,78.510000,-3.700000,-19.910000
2.833333,-0.080000,-4.760000,1.270000,77.480000,-4.500000,-18.890000
2.866667,-0.080000,-4.750000,1.260000,76.450000,-5.300000,-17.870000
2.900000,-0.080000,-4.750000,1.250000,75.410000,-6.100000,-16.850000
2.933333,-0.080000,-4.750000,1.240000,74.380000,-6.900000,-15.830000
2.966667,-0.080000,-4.750000,1.230000,73.350000,-7.690000,-14.810000
3.000000,-0.080000,-4.750000,1.220000,72.320000,-8.490000,-13.790000
3.033333,-0.080000,-4.750000,1.220000,71.290000,-9.290000,-12.770000
3.066667,-0.070000,-4.760000,1.230000,70.250000,-10.090000,-11.750000
3.100000,-0.070000,-4.760000,1.230000,69.220000,-10.890000,-10.730000
3.133333,-0.060000,-4.760000,1.230000,68.190000,-11.690000,-9.710000
3.166667,-0.060000,-4.760000,1.240000,68.210000,-10.550000,-10.530000
3.200000,-0.060000,-4.760000,1.240000,68.220000,-9.420000,-11.340000
3.233333,-0.060000,-4.760000,1.240000,68.240000,-8.290000,-12.160000
3.266667,-0.060000,-4.760000,1.250000,68.260000,-7.150000,-12.970000
3.300000,-0.060000,-4.760000,1.250000,68.280000,-6.020000,-13.790000
3.333333,-0.060000,-4.760000,1.250000,68.300000,-4.890000,-14.610000
3.366667,-0.060000,-4.760000,1.260000,68.310000,-3.750000,-15.420000
3.400000,-0.060000,-4.760000,1.260000,68.330000,-2.620000,-16.240000
3.433333,-0.060000,-4.760000,1.260000,68.350000,-1.490000,-17.050000
3.466667,-0.060000,-4.760000,1.270000,68.370000,-0.360000,-17.870000
3.500000,-0.060000,-4.760000,1.270000,68.390000,0.780000,-18.690000
3.533333,-0.060000,-4.760000,1.270000,68.400000,1.910000,-19.500000
3.566667,-0.060000,-4.760000,1.280000,68.420000,3.040000,-20.320000
3.600000,-0.060000,-4.760000,1.280000,68.440000,4.180000,-21.130000
3.633333,-0.060000,-4.760000,1.280000,68.460000,5.310000,-21.950000
3.666667,-0.060000,-4.760000,1.290000,68.480000,6.440000,-22.770000
3.700000,-0.060000,-4.760000,1.290000,68.490000,7.570000,-23.580000
3.733333,-0.060000,-4.760000,1.290000,68.510000,8.710000,-24.400000
3.766667,-0.060000,-4.760000,1.300000,68.530000,9.840000,-25.210000
3.800000,-0.060000,-4.760000,1.300000,68.550000,10.970000,-26.030000
3.833333,-0.060000,-4.760000,1.300000,68.570000,12.110000,-26.850000
3.866667,-0.060000,-4.760000,1.310000,68.580000,13.240000,-27.660000
3.900000,-0.060000,-4.760000,1.310000,68.600000,14.370000,-28.480000
3.933333,-0.060000,-4.760000,1.310000,69.570000,13.720000,-28.590000
3.966667,-0.060000,-4.760000,1.320000,70.540000,13.060000,-28.700000
4.000000,-0.060000,-4.760000,1.320000,71.510000,12.410000,-28.800000
4.033333,-0.060000,-4.760000,1.320000,72.480000,11.760000,-28.910000
4.066667,-0.060000,-4.760000,1.330000,73.450000,11.100000,-29.020000
4.100000,-0.060000,-4.760000,1.330000,74.420000,10.450000,-29.130000
4.133333,-0.060000,-4.760000,1.330000,75.390000,9.800000,-29.240000
4.166667,-0.060000,-4.760000,1.340000,76.360000,9.140000,-29.350000
4.200000,-0.060000,-4.760000,1.340000,77.330000,8.490000,-29.450000
4.233333,-0.050000,-4.760000,1.330000,78.300000,7.830000,-29.560000
4.266667,-0.050000,-4.750000,1.330000,79.270000,7.180000,-29.670000
4.300000,-0.050000,-4.750000,1.320000,80.240000,6.530000,-29.780000
4.333333,-0.050000,-4.750000,1.320000,81.210000,5.870000,-29.890000
4.366667,-0.050000,-4.740000,1.320000,82.180000,5.220000,-30.000000
4.400000,-0.040000,-4.740000,1.310000,83.150000,4.570000,-30.100000
4.433333,-0.040000,-4.740000,1.310000,82.010000,4.450000,-28.630000
4.466667,-0.040000,-4.740000,1.300000,80.870000,4.340000,-27.160000
4.500000,-0.040000,-4.730000,1.300000,79.730000,4.230000,-25.690000
4.533333,-0.030000,-4.730000,1.290000,78.390000,3.800000,-24.510000
4.566667,-0.030000,-4.730000,1.290000,77.060000,3.370000,-23.340000
4.600000,-0.030000,-4.720000,1.280000,75.730000,2.930000,-22.160000
4.633333,-0.030000,-4.720000,1.280000,74.390000,2.500000,-20.990000
4.666667,-0.030000,-4.720000,1.270000,73.060000,2.070000,-19.810000
4.700000,-0.020000,-4.720000,1.270000,71.720000,1.640000,-18.630000
4.733333,-0.020000,-4.710000,1.260000,70.390000,1.200000,-17.460000
4.766667,-0.020000,-4.710000,1.260000,69.060000,0.770000,-16.280000
4.800000,-0.020000,-4.710000,1.250000,67.720000,0.340000,-15.110000
4.833333,-0.030000,-4.710000,1.260000,66.390000,-0.100000,-13.930000
4.866667,-0.040000,-4.720000,1.270000,65.050000,-0.530000,-12.760000
4.900000,-0.040000,-4.720000,1.270000,63.720000,-0.960000,-11.580000
4.933333,-0.050000,-4.730000,1.280000,62.390000,-1.390000,-10.400000
4.966667,-0.060000,-4.730000,1.290000,61.670000,-1.930000,-11.270000
5.000000,-0.070000,-4.740000,1.300000,60.960000,-2.460000,-12.140000
5.033333,-0.080000,-4.740000,1.300000,60.250000,-2.990000,-13.010000
5.066667,-0.090000,-4.750000,1.310000,59.540000,-3.530000,-13.880000
5.100000,-0.100000,-4.750000,1.320000,58.830000,-4.060000,-14.740000
5.133333,-0.110000,-4.760000,1.330000,58.120000,-4.590000,-15.610000
5.166667,-0.120000,-4.770000,1.330000,57.410000,-5.130000,-16.480000
5.200000,-0.130000,-4.770000,1.340000,56.700000,-5.660000,-17.350000
5.233333,-0.140000,-4.780000,1.350000,55.990000,-6.190000,-18.210000
5.266667,-0.130000,-4.780000,1.350000,55.270000,-6.730000,-19.080000
5.300000,-0.130000,-4.780000,1.340000,54.560000,-7.260000,-19.950000
5.333333,-0.130000,-4.780000,1.340000,53.850000,-7.790000,-20.820000
5.366667,-0.130000,-4.780000,1.340000,53.140000,-8.330000,-21.690000
5.400000,-0.120000,-4.790000,1.340000,52.430000,-8.860000,-22.550000
5.433333,-0.120000,-4.790000,1.340000,51.720000,-9.390000,-23.420000
5.466667,-0.120000,-4.790000,1.340000,51.010000,-9.930000,-24.290000
5.500000,-0.120000,-4.790000,1.340000,50.300000,-10.460000,-25.160000
5.533333,-0.110000,-4.800000,1.340000,49.590000,-10.990000,-26.030000
5.566667,-0.110000,-4.800000,1.340000,48.870000,-11.530000,-26.890000
5.600000,-0.110000,-4.800000,1.330000,48.160000,-12.060000,-27.760000
5.633333,-0.110000,-4.800000,1.330000,47.450000,-12.590000,-28.630000
5.666667,-0.100000,-4.800000,1.330000,46.740000,-13.130000,-29.500000
5.700000,-0.100000,-4.810000,1.330000,46.030000,-13.660000,-30.360000
5.733333,-0.100000,-4.810000,1.330000,45.320000,-14.190000,-31.230000
5.766667,-0.100000,-4.810000,1.340000,44.610000,-14.730000,-32.100000
5.800000,-0.090000,-4.810000,1.340000,43.900000,-15.260000,-32.970000
5.833333,-0.090000,-4.810000,1.340000,43.190000,-15.790000,-33.840000
5.866667,-0.090000,-4.810000,1.340000,42.480000,-16.330000,-34.700000
5.900000,-0.090000,-4.810000,1.350000,41.760000,-16.860000,-35.570000
5.933333,-0.080000,-4.820000,1.350000,41.050000,-17.390000,-36.440000
5.966667,-0.080000,-4.820000,1.350000,41.400000,-16.500000,-36.810000
6.000000,-0.080000,-4.820000,1.350000,41.750000,-15.610000,-37.180000
6.033333,-0.080000,-4.820000,1.350000,42.100000,-14.720000,-37.550000
6.066667,-0.070000,-4.820000,1.360000,42.440000,-13.830000,-37.920000
6.100000,-0.070000,-4.820000,1.360000,42.790000,-12.930000,-38.290000
6.133333,-0.070000,-4.820000,1.360000,43.140000,-12.040000,-38.660000
6.166667,-0.070000,-4.820000,1.360000,43.490000,-11.150000,-39.030000
6.200000,-0.060000,-4.830000,1.370000,43.840000,-10.260000,-39.400000
6.233333,-0.060000,-4.830000,1.370000,44.180000,-9.370000,-39.770000
6.266667,-0.060000,-4.830000,1.370000,44.530000,-8.480000,-40.140000
6.300000,-0.060000,-4.830000,1.370000,44.880000,-7.580000,-40.510000
6.333333,-0.050000,-4.830000,1.370000,45.230000,-6.690000,-40.890000
6.366667,-0.050000,-4.830000,1.380000,45.580000,-5.800000,-41.260000
6.400000,-0.050000,-4.830000,1.380000,45.920000,-4.910000,-41.630000
6.433333,-0.050000,-4.830000,1.380000,46.270000,-4.020000,-42.000000
6.466667,-0.040000,-4.830000,1.380000,46.620000,-3.130000,-42.370000
6.500000,-0.040000,-4.840000,1.390000,46.970000,-2.230000,-42.740000
6.533333,-0.040000,-4.840000,1.390000,47.320000,-1.340000,-43.110000
6.566667,-0.040000,-4.840000,1.390000,47.660000,-0.450000,-43.480000
6.600000,-0.030000,-4.840000,1.390000,48.010000,0.440000,-43.850000
6.633333,-0.020000,-4.840000,1.400000,48.360000,1.330000,-44.220000
6.666667,-0.010000,-4.830000,1.410000,48.710000,2.230000,-44.590000
6.700000,0.000000,-4.830000,1.420000,49.060000,3.120000,-44.960000
6.733333,0.010000,-4.820000,1.430000,49.400000,4.010000,-45.330000
6.766667,0.020000,-4.820000,1.440000,49.750000,4.900000,-45.700000
6.800000,0.030000,-4.820000,1.450000,50.100000,5.790000,-46.070000
6.833333,0.040000,-4.810000,1.460000,50.450000,6.680000,-46.440000
6.866667,0.050000,-4.810000,1.470000,50.800000,7.580000,-46.810000
6.900000,0.060000,-4.800000,1.480000,51.140000,8.470000,-47.180000
6.933333,0.080000,-4.800000,1.490000,51.710000,8.960000,-46.160000
6.966667,0.080000,-4.800000,1.480000,52.290000,9.450000,-45.140000
7.000000,0.080000,-4.800000,1.480000,52.860000,9.940000,-44.120000
7.033333,0.080000,-4.800000,1.470000,53.430000,10.430000,-43.100000
7.066667,0.080000,-4.800000,1.470000,54.000000,10.920000,-42.080000
7.100000,0.080000,-4.800000,1.460000,54.570000,11.410000,-41.060000
7.133333,0.080000,-4.800000,1.460000,55.150000,11.900000,-40.040000
7.166667,0.080000,-4.810000,1.450000,55.720000,12.390000,-39.020000
7.200000,0.080000,-4.810000,1.450000,56.290000,12.880000,-38.000000
7.233333,0.080000,-4.810000,1.440000,56.860000,13.370000,-36.980000
7.266667,0.080000,-4.810000,1.440000,57.430000,13.860000,-35.960000
7.300000,0.090000,-4.810000,1.430000,58.000000,14.350000,-34.940000
7.333333,0.090000,-4.810000,1.430000,58.580000,14.840000,-33.910000
7.366667,0.090000,-4.810000,1.420000,59.150000,15.340000,-32.890000
7.400000,0.090000,-4.810000,1.420000,59.720000,15.830000,-31.870000
7.433333,0.090000,-4.810000,1.410000,60.290000,16.320000,-30.850000
7.466667,0.090000,-4.810000,1.410000,60.860000,16.810000,-29.830000
7.500000,0.090000,-4.810000,1.400000,61.440000,17.300000,-28.810000
7.533333,0.090000,-4.810000,1.400000,62.010000,17.790000,-27.790000
7.566667,0.090000,-4.810000,1.390000,62.580000,18.280000,-26.770000
7.600000,0.090000,-4.810000,1.390000,63.150000,18.770000,-25.750000
7.633333,0.090000,-4.810000,1.380000,63.720000,19.260000,-24.730000
7.666667,0.100000,-4.810000,1.380000,64.300000,19.750000,-23.710000
7.700000,0.100000,-4.810000,1.370000,64.870000,20.240000,-22.690000
7.733333,0.100000,-4.820000,1.370000,65.440000,20.730000,-21.670000
7.766667,0.100000,-4.820000,1.370000,66.010000,21.220000,-20.640000
7.800000,0.100000,-4.820000,1.380000,66.580000,21.710000,-19.620000
7.833333,0.100000,-4.820000,1.380000,67.150000,22.200000,-18.600000
7.866667,0.100000,-4.820000,1.390000,67.730000,22.690000,-17.580000
7.900000,0.100000,-4.820000,1.390000,69.050000,21.280000,-18.490000
7.933333,0.100000,-4.820000,1.390000,70.370000,19.860000,-19.400000
7.966667,0.100000,-4.820000,1.400000,71.700000,18.450000,-20.310000
8.000000,0.110000,-4.830000,1.400000,73.020000,17.030000,-21.210000
8.033333,0.120000,-4.830000,1.400000,74.350000,15.620000,-22.120000
8.066667,0.130000,-4.840000,1.400000,75.670000,14.200000,-23.030000
8.100000,0.130000,-4.840000,1.400000,77.000000,12.790000,-23.940000
8.133333,0.140000,-4.840000,1.410000,78.320000,11.370000,-24.840000
8.166667,0.150000,-4.850000,1.410000,79.640000,9.960000,-25.750000
8.200000,0.160000,-4.850000,1.410000,80.970000,8.540000,-26.660000
8.233333,0.170000,-4.850000,1.410000,82.290000,7.130000,-27.570000
8.266667,0.180000,-4.860000,1.410000,83.440000,6.220000,-28.180000
8.300000,0.190000,-4.860000,1.410000,84.590000,5.320000,-28.790000
8.333333,0.200000,-4.870000,1.410000,85.740000,4.410000,-29.400000
8.366667,0.210000,-4.870000,1.420000,86.890000,3.510000,-30.010000
8.400000,0.210000,-4.870000,1.420000,88.040000,2.610000,-30.620000
8.433333,0.220000,-4.880000,1.420000,89.190000,1.700000,-31.230000
8.466667,0.230000,-4.880000,1.420000,90.340000,0.800000,-31.840000
8.500000,0.240000,-4.890000,1.420000,91.490000,-0.110000,-32.450000
8.533333,0.250000,-4.890000,1.420000,92.640000,-1.010000,-33.060000
8.566667,0.260000,-4.890000,1.420000,93.790000,-1.910000,-33.670000
8.600000,0.270000,-4.900000,1.430000,94.940000,-2.820000,-34.280000
8.633333,0.280000,-4.900000,1.430000,96.090000,-3.720000,-34.890000
8.666667,0.280000,-4.900000,1.430000,97.240000,-4.630000,-35.500000
8.700000,0.290000,-4.910000,1.430000,98.390000,-5.530000,-36.110000
8.733333,0.300000,-4.910000,1.430000,99.540000,-6.430000,-36.730000
8.766667,0.310000,-4.920000,1.430000,100.690000,-7.340000,-37.340000
8.800000,0.320000,-4.920000,1.430000,101.840000,-8.240000,-37.950000
8.833333,0.320000,-4.910000,1.440000,102.990000,-9.150000,-38.560000
8.866667,0.310000,-4.900000,1.440000,104.140000,-10.050000,-39.170000
8.900000,0.310000,-4.900000,1.440000,105.290000,-10.950000,-39.780000
8.933333,0.300000,-4.890000,1.450000,106.440000,-11.860000,-40.390000
8.966667,0.300000,-4.880000,1.450000,107.590000,-12.760000,-41.000000
9.000000,0.290000,-4.870000,1.450000,107.180000,-13.040000,-40.340000
9.033333,0.290000,-4.860000,1.450000,106.760000,-13.320000,-39.690000
9.066667,0.280000,-4.860000,1.460000,106.350000,-13.610000,-39.030000
9.100000,0.280000,-4.850000,1.460000,105.930000,-13.890000,-38.380000
9.133333,0.270000,-4.840000,1.460000,105.520000,-14.170000,-37.720000
9.166667,0.270000,-4.830000,1.460000,105.100000,-14.450000,-37.070000
9.200000,0.260000,-4.820000,1.470000,104.690000,-14.730000,-36.410000
9.233333,0.260000,-4.820000,1.470000,104.270000,-15.010000,-35.750000
9.266667,0.260000,-4.810000,1.470000,103.860000,-15.290000,-35.100000
9.300000,0.250000,-4.800000,1.480000,103.440000,-15.580000,-34.440000
9.333333,0.250000,-4.790000,1.480000,102.280000,-14.500000,-34.360000
9.366667,0.240000,-4.790000,1.480000,101.110000,-13.420000,-34.270000
9.400000,0.240000,-4.780000,1.480000,99.940000,-12.340000,-34.190000
9.433333,0.230000,-4.770000,1.490000,98.770000,-11.260000,-34.100000
9.466667,0.230000,-4.760000,1.490000,97.610000,-10.180000,-34.020000
9.500000,0.220000,-4.750000,1.490000,96.440000,-9.100000,-33.930000
9.533333,0.220000,-4.750000,1.490000,95.270000,-8.020000,-33.850000
9.566667,0.210000,-4.740000,1.500000,94.100000,-6.940000,-33.760000
9.600000,0.210000,-4.730000,1.500000,92.940000,-5.860000,-33.680000
9.633333,0.200000,-4.720000,1.500000,91.770000,-4.780000,-33.590000
9.666667,0.200000,-4.710000,1.510000,90.600000,-3.700000,-33.500000
9.700000,0.200000,-4.710000,1.510000,89.430000,-2.630000,-33.420000
9.733333,0.190000,-4.700000,1.510000,88.260000,-1.550000,-33.330000
9.766667,0.190000,-4.690000,1.510000,88.290000,0.520000,-32.820000
9.800000,0.180000,-4.700000,1.510000,88.310000,2.590000,-32.310000
9.833333,0.170000,-4.700000,1.510000,88.340000,4.660000,-31.800000
9.866667,0.170000,-4.700000,1.510000,88.360000,6.730000,-31.290000
9.900000,0.160000,-4.710000,1.510000,88.900000,6.370000,-31.530000
9.933333,0.160000,-4.710000,1.510000,89.430000,6.010000,-31.760000
9.966667,0.150000,-4.720000,1.510000,89.970000,5.650000,-31.990000
10.000000,0.140000,-4.720000,1.510000,90.510000,5.280000,-32.220000
10.033333,0.140000,-4.730000,1.510000,91.040000,4.920000,-32.460000
10.066667,0.130000,-4.730000,1.510000,91.580000,4.560000,-32.690000
10.100000,0.130000,-4.730000,1.510000,92.110000,4.200000,-32.920000
10.133333,0.120000,-4.740000,1.510000,92.650000,3.840000,-33.150000
10.166667,0.110000,-4.740000,1.510000,93.180000,3.480000,-33.380000
10.200000,0.110000,-4.750000,1.510000,93.720000,3.120000,-33.620000
10.233333,0.100000,-4.750000,1.520000,94.250000,2.760000,-33.850000
10.266667,0.100000,-4.760000,1.520000,94.790000,2.400000,-34.080000
10.300000,0.090000,-4.760000,1.520000,95.320000,2.030000,-34.310000
10.333333,0.080000,-4.760000,1.520000,95.860000,1.670000,-34.550000
10.366667,0.080000,-4.770000,1.520000,96.390000,1.310000,-34.780000
10.400000,0.070000,-4.770000,1.520000,96.930000,0.950000,-35.010000
10.433333,0.070000,-4.780000,1.520000,97.460000,0.590000,-35.240000
10.466667,0.060000,-4.780000,1.520000,98.000000,0.230000,-35.470000
10.500000,0.050000,-4.790000,1.520000,98.530000,-0.130000,-35.710000
10.533333,0.050000,-4.790000,1.520000,99.070000,-0.490000,-35.940000
10.566667,0.040000,-4.800000,1.520000,99.610000,-0.860000,-36.170000
10.600000,0.040000,-4.800000,1.520000,100.140000,-1.220000,-36.400000
10.633333,0.030000,-4.800000,1.520000,100.680000,-1.580000,-36.640000
10.666667,0.030000,-4.800000,1.510000,101.210000,-1.940000,-36.870000
10.700000,0.020000,-4.800000,1.510000,101.750000,-2.300000,-37.100000
10.733333,0.020000,-4.800000,1.500000,102.280000,-2.660000,-37.330000
10.766667,0.010000,-4.800000,1.500000,102.820000,-3.020000,-37.560000
10.800000,0.010000,-4.810000,1.490000,103.350000,-3.380000,-37.800000
10.833333,0.010000,-4.810000,1.490000,103.890000,-3.750000,-38.030000
10.866667,0.000000,-4.810000,1.490000,104.420000,-4.110000,-38.260000
10.900000,0.000000,-4.810000,1.480000,104.960000,-4.470000,-38.490000
10.933333,0.000000,-4.800000,1.490000,105.490000,-4.830000,-38.720000
10.966667,0.000000,-4.800000,1.510000,106.030000,-5.190000,-38.960000
11.000000,0.010000,-4.800000,1.520000,104.940000,-4.750000,-39.340000
11.033333,0.010000,-4.800000,1.530000,103.860000,-4.320000,-39.720000
11.066667,0.010000,-4.800000,1.540000,102.770000,-3.880000,-40.100000
11.100000,0.010000,-4.790000,1.560000,101.680000,-3.440000,-40.480000
11.133333,0.010000,-4.790000,1.570000,100.600000,-3.010000,-40.860000
11.166667,0.020000,-4.790000,1.580000,99.510000,-2.570000,-41.240000
11.200000,0.020000,-4.790000,1.590000,98.430000,-2.130000,-41.620000
11.233333,0.020000,-4.790000,1.610000,97.340000,-1.700000,-42.000000
11.266667,0.020000,-4.780000,1.620000,96.250000,-1.260000,-42.380000
11.300000,0.030000,-4.780000,1.630000,95.170000,-0.820000,-42.760000
11.333333,0.030000,-4.780000,1.640000,94.080000,-0.390000,-43.140000
11.366667,0.030000,-4.780000,1.660000,92.990000,0.050000,-43.520000
11.400000,0.030000,-4.780000,1.670000,91.910000,0.490000,-43.900000
11.433333,0.020000,-4.770000,1.670000,90.820000,0.920000,-44.280000
11.466667,0.010000,-4.770000,1.670000,89.740000,1.360000,-44.660000
11.500000,0.000000,-4.770000,1.670000,89.910000,3.520000,-43.140000
11.533333,-0.010000,-4.770000,1.680000,90.090000,5.680000,-41.630000
11.566667,-0.030000,-4.770000,1.680000,90.270000,7.840000,-40.110000
11.600000,-0.040000,-4.770000,1.680000,90.450000,10.000000,-38.600000
11.633333,-0.050000,-4.770000,1.680000,90.630000,12.160000,-37.080000
11.666667,-0.060000,-4.770000,1.680000,90.800000,14.320000,-35.570000
11.700000,-0.070000,-4.760000,1.680000,90.980000,16.490000,-34.050000
11.733333,-0.090000,-4.760000,1.680000,91.160000,18.650000,-32.530000
11.766667,-0.100000,-4.760000,1.690000,91.340000,20.810000,-31.020000
11.800000,-0.110000,-4.760000,1.690000,91.520000,22.970000,-29.500000
11.833333,-0.120000,-4.760000,1.690000,91.570000,22.990000,-29.250000
11.866667,-0.140000,-4.760000,1.690000,91.620000,23.010000,-29.000000
11.900000,-0.150000,-4.760000,1.690000,91.680000,23.030000,-28.750000
11.933333,-0.160000,-4.760000,1.690000,91.730000,23.050000,-28.500000
11.966667,-0.170000,-4.760000,1.690000,91.780000,23.070000,-28.250000
12.000000,-0.180000,-4.750000,1.690000,91.840000,23.090000,-28.000000
12.033333,-0.200000,-4.750000,1.700000,91.890000,23.110000,-27.750000
12.066667,-0.210000,-4.750000,1.700000,91.940000,23.130000,-27.500000
12.100000,-0.220000,-4.750000,1.700000,92.000000,23.150000,-27.250000
12.133333,-0.230000,-4.750000,1.700000,92.050000,23.170000,-26.990000
12.166667,-0.240000,-4.750000,1.700000,92.100000,23.190000,-26.740000
12.200000,-0.260000,-4.750000,1.700000,92.160000,23.210000,-26.490000
12.233333,-0.250000,-4.750000,1.700000,92.210000,23.230000,-26.240000
12.266667,-0.250000,-4.750000,1.700000,92.270000,23.250000,-25.990000
12.300000,-0.250000,-4.750000,1.690000,92.320000,23.270000,-25.740000
12.333333,-0.240000,-4.750000,1.690000,92.370000,23.290000,-25.490000
12.366667,-0.240000,-4.750000,1.690000,92.430000,23.310000,-25.240000
12.400000,-0.240000,-4.750000,1.690000,92.480000,23.330000,-24.990000
12.433333,-0.240000,-4.750000,1.680000,92.530000,23.350000,-24.740000
12.466667,-0.230000,-4.750000,1.680000,92.590000,23.370000,-24.490000
12.500000,-0.230000,-4.750000,1.680000,92.640000,23.390000,-24.230000
12.533333,-0.230000,-4.750000,1.670000,92.690000,23.410000,-23.980000
12.566667,-0.230000,-4.750000,1.670000,92.750000,23.430000,-23.730000
12.600000,-0.230000,-4.750000,1.670000,92.800000,23.450000,-23.480000
12.633333,-0.230000,-4.750000,1.660000,92.850000,23.470000,-23.230000
12.666667,-0.230000,-4.750000,1.660000,92.910000,23.490000,-22.980000
12.700000,-0.230000,-4.750000,1.650000,92.960000,23.510000,-22.730000
12.733333,-0.230000,-4.750000,1.650000,93.010000,23.530000,-22.480000
12.766667,-0.230000,-4.750000,1.650000,93.070000,23.550000,-22.230000
12.800000,-0.230000,-4.750000,1.640000,93.090000,23.730000,-21.760000
12.833333,-0.230000,-4.750000,1.640000,93.120000,23.920000,-21.290000
12.866667,-0.240000,-4.750000,1.630000,93.150000,24.100000,-20.820000
12.900000,-0.240000,-4.750000,1.630000,93.180000,24.290000,-20.360000
12.933333,-0.240000,-4.750000,1.630000,93.210000,24.470000,-19.890000
12.966667,-0.240000,-4.750000,1.620000,93.230000,24.660000,-19.420000
13.000000,-0.240000,-4.750000,1.620000,93.260000,24.840000,-18.950000
13.033333,-0.240000,-4.750000,1.610000,93.290000,25.020000,-18.490000
13.066667,-0.240000,-4.750000,1.610000,93.320000,25.210000,-18.020000
13.100000,-0.240000,-4.750000,1.600000,93.350000,25.390000,-17.550000
13.133333,-0.240000,-4.750000,1.600000,93.370000,25.580000,-17.080000
13.166667,-0.240000,-4.750000,1.600000,93.400000,25.760000,-16.610000
13.200000,-0.240000,-4.740000,1.590000,93.430000,25.950000,-16.150000
13.233333,-0.250000,-4.740000,1.590000,93.460000,26.130000,-15.680000
13.266667,-0.250000,-4.740000,1.580000,93.490000,26.320000,-15.210000
13.300000,-0.250000,-4.740000,1.580000,93.510000,26.500000,-14.740000
13.333333,-0.250000,-4.740000,1.580000,93.540000,26.690000,-14.280000
13.366667,-0.250000,-4.740000,1.570000,93.570000,26.870000,-13.810000
13.400000,-0.250000,-4.740000,1.570000,93.600000,27.050000,-13.340000
13.433333,-0.250000,-4.740000,1.560000,93.630000,27.240000,-12.870000
13.466667,-0.250000,-4.740000,1.560000,93.650000,27.420000,-12.410000
13.500000,-0.250000,-4.740000,1.560000,93.680000,27.610000,-11.940000
13.533333,-0.250000,-4.740000,1.550000,93.710000,27.790000,-11.470000
13.566667,-0.250000,-4.740000,1.550000,93.740000,27.980000,-11.000000
13.600000,-0.250000,-4.740000,1.540000,93.760000,28.160000,-10.530000
13.633333,-0.250000,-4.740000,1.540000,93.790000,28.350000,-10.070000
13.666667,-0.250000,-4.740000,1.540000,93.820000,28.530000,-9.600000
13.700000,-0.250000,-4.740000,1.530000,93.550000,28.700000,-8.080000
13.733333,-0.240000,-4.740000,1.530000,93.280000,28.880000,-6.550000
13.766667,-0.240000,-4.750000,1.530000,93.010000,29.050000,-5.030000
13.800000,-0.240000,-4.750000,1.520000,92.730000,29.230000,-3.510000
13.833333,-0.230000,-4.750000,1.520000,92.460000,29.400000,-1.980000
13.866667,-0.230000,-4.750000,1.520000,92.190000,29.580000,-0.460000
13.900000,-0.230000,-4.750000,1.510000,91.920000,29.750000,1.060000
13.933333,-0.230000,-4.750000,1.510000,91.650000,29.930000,2.580000
13.966667,-0.220000,-4.760000,1.510000,91.370000,30.100000,4.110000
14.000000,-0.220000,-4.760000,1.510000,91.100000,30.280000,5.630000
14.033333,-0.220000,-4.760000,1.500000,90.830000,30.450000,7.150000
14.066667,-0.210000,-4.760000,1.500000,90.560000,30.630000,8.680000
14.100000,-0.210000,-4.760000,1.500000,90.290000,30.800000,10.200000
14.133333,-0.210000,-4.760000,1.490000,90.020000,30.980000,11.720000
14.166667,-0.210000,-4.760000,1.490000,89.740000,31.150000,13.250000
14.200000,-0.200000,-4.770000,1.490000,89.470000,31.330000,14.770000
14.233333,-0.200000,-4.770000,1.480000,89.200000,31.500000,16.290000
14.266667,-0.200000,-4.770000,1.480000,88.930000,31.670000,17.810000
14.300000,-0.190000,-4.770000,1.480000,88.660000,31.850000,19.340000
14.333333,-0.190000,-4.770000,1.470000,88.380000,32.020000,20.860000
14.366667,-0.190000,-4.770000,1.470000,88.110000,32.200000,22.380000
14.400000,-0.190000,-4.770000,1.470000,87.840000,32.370000,23.910000
14.433333,-0.180000,-4.780000,1.460000,87.570000,32.550000,25.430000
14.466667,-0.180000,-4.780000,1.460000,87.300000,32.720000,26.950000
14.500000,-0.180000,-4.780000,1.460000,87.030000,32.900000,28.480000
14.533333,-0.170000,-4.780000,1.450000,87.910000,30.580000,28.810000
14.566667,-0.170000,-4.780000,1.450000,88.800000,28.270000,29.150000
14.600000,-0.170000,-4.780000,1.450000,89.690000,25.950000,29.480000
14.633333,-0.160000,-4.780000,1.440000,90.580000,23.640000,29.820000
14.666667,-0.160000,-4.790000,1.440000,91.470000,21.320000,30.150000
14.700000,-0.160000,-4.790000,1.440000,92.360000,19.010000,30.490000
14.733333,-0.160000,-4.790000,1.430000,93.250000,16.690000,30.820000
14.766667,-0.160000,-4.790000,1.440000,94.140000,14.370000,31.160000
14.800000,-0.160000,-4.780000,1.440000,95.030000,12.060000,31.490000
14.833333,-0.160000,-4.780000,1.450000,95.920000,9.740000,31.830000
14.866667,-0.170000,-4.780000,1.450000,96.810000,7.430000,32.160000
14.900000,-0.170000,-4.780000,1.460000,97.700000,5.110000,32.500000
14.933333,-0.170000,-4.780000,1.460000,98.580000,2.800000,32.830000
14.966667,-0.180000,-4.770000,1.470000,99.470000,0.480000,33.170000
15.000000,-0.180000,-4.770000,1.470000,100.360000,-1.830000,33.500000
15.033333,-0.180000,-4.770000,1.480000,101.250000,-4.150000,33.840000
15.066667,-0.190000,-4.770000,1.480000,102.140000,-6.460000,34.170000
15.100000,-0.190000,-4.770000,1.490000,103.030000,-8.780000,34.510000
15.133333,-0.190000,-4.760000,1.490000,103.920000,-11.090000,34.850000
15.166667,-0.190000,-4.760000,1.500000,104.060000,-11.300000,34.490000
15.200000,-0.200000,-4.760000,1.500000,104.200000,-11.510000,34.140000
15.233333,-0.190000,-4.760000,1.510000,104.340000,-11.720000,33.790000
15.266667,-0.190000,-4.760000,1.510000,104.480000,-11.930000,33.440000
15.300000,-0.190000,-4.760000,1.510000,104.620000,-12.140000,33.090000
15.333333,-0.190000,-4.760000,1.520000,104.750000,-12.350000,32.740000
15.366667,-0.190000,-4.760000,1.520000,104.890000,-12.560000,32.390000
15.400000,-0.180000,-4.760000,1.530000,105.030000,-12.770000,32.040000
15.433333,-0.170000,-4.760000,1.530000,105.170000,-12.980000,31.690000
15.466667,-0.160000,-4.760000,1.530000,105.310000,-13.190000,31.340000
15.500000,-0.150000,-4.760000,1.530000,105.450000,-13.400000,30.990000
15.533333,-0.140000,-4.760000,1.530000,105.590000,-13.610000,30.640000
15.566667,-0.130000,-4.760000,1.530000,105.730000,-13.820000,30.290000
15.600000,-0.110000,-4.770000,1.540000,105.870000,-14.030000,29.940000
15.633333,-0.100000,-4.770000,1.540000,106.010000,-14.240000,29.590000
15.666667,-0.090000,-4.770000,1.540000,106.150000,-14.450000,29.240000
15.700000,-0.080000,-4.770000,1.540000,106.290000,-14.660000,28.890000
15.733333,-0.070000,-4.770000,1.540000,106.430000,-14.870000,28.530000
15.766667,-0.060000,-4.770000,1.540000,106.570000,-15.080000,28.180000
15.800000,-0.040000,-4.770000,1.540000,106.700000,-15.290000,27.830000
15.833333,-0.030000,-4.770000,1.540000,106.840000,-15.500000,27.480000
15.866667,-0.020000,-4.770000,1.550000,106.980000,-15.710000,27.130000
15.900000,-0.010000,-4.770000,1.550000,107.120000,-15.920000,26.780000
15.933333,0.000000,-4.770000,1.550000,107.260000,-16.130000,26.430000
15.966667,0.010000,-4.780000,1.550000,107.400000,-16.340000,26.080000
16.000000,0.020000,-4.780000,1.550000,107.540000,-16.550000,25.730000
16.033333,0.040000,-4.780000,1.550000,107.680000,-16.760000,25.380000
16.066667,0.050000,-4.780000,1.550000,107.820000,-16.970000,25.030000
16.100000,0.060000,-4.780000,1.550000,107.960000,-17.180000,24.680000
16.133333,0.070000,-4.780000,1.560000,108.100000,-17.390000,24.330000
16.166667,0.080000,-4.780000,1.560000,108.240000,-17.600000,23.980000
16.200000,0.090000,-4.780000,1.560000,108.380000,-17.810000,23.630000
16.233333,0.100000,-4.780000,1.560000,109.410000,-17.990000,22.520000
16.266667,0.120000,-4.780000,1.560000,110.440000,-18.180000,21.410000
16.300000,0.130000,-4.780000,1.560000,111.480000,-18.370000,20.310000
16.333333,0.140000,-4.780000,1.560000,112.510000,-18.560000,19.200000
16.366667,0.150000,-4.790000,1.560000,113.550000,-18.750000,18.090000
16.400000,0.160000,-4.790000,1.570000,114.580000,-18.930000,16.990000
16.433333,0.150000,-4.790000,1.560000,115.610000,-19.120000,15.880000
16.466667,0.130000,-4.800000,1.560000,116.650000,-19.310000,14.770000
16.500000,0.120000,-4.800000,1.550000,117.680000,-19.500000,13.670000
16.533333,0.100000,-4.810000,1.550000,118.710000,-19.690000,12.560000
16.566667,0.090000,-4.810000,1.550000,119.750000,-19.880000,11.450000
16.600000,0.080000,-4.810000,1.540000,120.780000,-20.060000,10.350000
16.633333,0.060000,-4.820000,1.540000,121.820000,-20.250000,9.240000
16.666667,0.050000,-4.820000,1.530000,122.850000,-20.440000,8.130000
16.700000,0.030000,-4.830000,1.530000,123.880000,-20.630000,7.030000
16.733333,0.020000,-4.830000,1.530000,124.920000,-20.820000,5.920000
16.766667,0.000000,-4.840000,1.520000,124.190000,-21.040000,5.640000
16.800000,-0.010000,-4.840000,1.520000,123.460000,-21.260000,5.350000
16.833333,-0.030000,-4.850000,1.510000,122.730000,-21.480000,5.070000
16.866667,-0.040000,-4.850000,1.510000,122.000000,-21.710000,4.780000
16.900000,-0.030000,-4.850000,1.500000,121.270000,-21.930000,4.500000
16.933333,-0.030000,-4.850000,1.490000,120.540000,-22.150000,4.220000
16.966667,-0.020000,-4.850000,1.480000,119.810000,-22.380000,3.930000
17.000000,-0.010000,-4.850000,1.480000,119.080000,-22.600000,3.650000
17.033333,0.000000,-4.840000,1.470000,118.350000,-22.820000,3.360000
17.066667,0.000000,-4.840000,1.460000,117.620000,-23.040000,3.080000
17.100000,0.010000,-4.840000,1.450000,116.900000,-23.270000,2.800000
17.133333,0.020000,-4.840000,1.440000,116.170000,-23.490000,2.510000
17.166667,0.030000,-4.840000,1.430000,115.440000,-23.710000,2.230000
17.200000,0.030000,-4.840000,1.420000,114.710000,-23.930000,1.940000
17.233333,0.040000,-4.840000,1.410000,113.980000,-24.160000,1.660000
17.266667,0.050000,-4.830000,1.400000,113.250000,-24.380000,1.380000
17.300000,0.060000,-4.830000,1.390000,112.520000,-24.600000,1.090000
17.333333,0.060000,-4.830000,1.390000,111.790000,-24.820000,0.810000
17.366667,0.070000,-4.830000,1.380000,111.060000,-25.050000,0.520000
17.400000,0.080000,-4.830000,1.370000,110.330000,-25.270000,0.240000
17.433333,0.090000,-4.830000,1.360000,109.600000,-25.490000,-0.040000
17.466667,0.090000,-4.820000,1.350000,108.870000,-25.720000,-0.330000
17.500000,0.100000,-4.820000,1.340000,108.140000,-25.940000,-0.610000
17.533333,0.110000,-4.820000,1.330000,107.410000,-26.160000,-0.900000
17.566667,0.120000,-4.820000,1.340000,106.690000,-26.380000,-1.180000
17.600000,0.120000,-4.820000,1.350000,105.960000,-26.610000,-1.460000
17.633333,0.130000,-4.810000,1.360000,105.230000,-26.830000,-1.750000
17.666667,0.120000,-4.810000,1.370000,104.500000,-27.050000,-2.030000
17.700000,0.110000,-4.810000,1.380000,103.770000,-27.270000,-2.320000
17.733333,0.090000,-4.800000,1.390000,103.040000,-27.500000,-2.600000
17.766667,0.080000,-4.800000,1.400000,102.310000,-27.720000,-2.880000
17.800000,0.070000,-4.800000,1.410000,103.350000,-29.390000,-2.870000
17.833333,0.060000,-4.790000,1.420000,104.390000,-31.070000,-2.860000
17.866667,0.040000,-4.790000,1.430000,104.570000,-31.710000,-4.110000
17.900000,0.030000,-4.790000,1.440000,104.750000,-32.350000,-5.360000
17.933333,0.030000,-4.790000,1.450000,104.930000,-32.990000,-6.600000
17.966667,0.030000,-4.790000,1.450000,105.110000,-33.630000,-7.850000
18.000000,0.030000,-4.790000,1.450000,105.150000,-33.490000,-7.700000
18.033333,0.030000,-4.790000,1.450000,105.180000,-33.350000,-7.550000
18.066667,0.030000,-4.790000,1.460000,105.220000,-33.210000,-7.400000
18.100000,0.020000,-4.790000,1.460000,105.250000,-33.070000,-7.250000
18.133333,0.020000,-4.790000,1.460000,105.290000,-32.930000,-7.100000
18.166667,0.020000,-4.790000,1.470000,105.330000,-32.790000,-6.950000
18.200000,0.020000,-4.790000,1.470000,105.360000,-32.650000,-6.810000
18.233333,0.020000,-4.790000,1.470000,105.400000,-32.510000,-6.660000
18.266667,0.020000,-4.790000,1.480000,105.430000,-32.370000,-6.510000
18.300000,0.020000,-4.790000,1.480000,105.470000,-32.230000,-6.360000
18.333333,0.010000,-4.790000,1.480000,105.500000,-32.090000,-6.210000
18.366667,0.010000,-4.790000,1.490000,105.540000,-31.950000,-6.060000
18.400000,0.010000,-4.790000,1.490000,105.580000,-31.810000,-5.920000
18.433333,0.010000,-4.790000,1.490000,105.610000,-31.670000,-5.770000
18.466667,0.010000,-4.790000,1.490000,105.650000,-31.530000,-5.620000
18.500000,0.010000,-4.790000,1.500000,105.680000,-31.390000,-5.470000
18.533333,0.010000,-4.790000,1.500000,105.720000,-31.250000,-5.320000
18.566667,0.000000,-4.790000,1.500000,105.750000,-31.110000,-5.170000
18.600000,0.000000,-4.790000,1.510000,105.790000,-30.970000,-5.020000
18.633333,0.000000,-4.790000,1.510000,105.830000,-30.830000,-4.880000
18.666667,0.000000,-4.790000,1.510000,105.860000,-30.690000,-4.730000
18.700000,0.000000,-4.790000,1.520000,105.900000,-30.550000,-4.580000
18.733333,0.000000,-4.790000,1.520000,105.930000,-30.410000,-4.430000
18.766667,0.000000,-4.790000,1.520000,105.970000,-30.270000,-4.280000
18.800000,-0.010000,-4.790000,1.530000,106.000000,-30.130000,-4.130000
18.833333,-0.010000,-4.790000,1.530000,106.040000,-29.990000,-3.990000
18.866667,-0.010000,-4.790000,1.530000,106.080000,-29.850000,-3.840000
18.900000,-0.010000,-4.790000,1.530000,106.110000,-29.710000,-3.690000
18.933333,-0.010000,-4.790000,1.540000,106.150000,-29.570000,-3.540000
18.966667,-0.010000,-4.790000,1.540000,106.180000,-29.430000,-3.390000
19.000000,-0.010000,-4.790000,1.540000,106.220000,-29.290000,-3.240000
19.033333,-0.020000,-4.790000,1.550000,106.250000,-29.150000,-3.100000
19.066667,-0.010000,-4.800000,1.540000,106.290000,-29.010000,-2.950000
19.100000,0.000000,-4.800000,1.530000,106.320000,-28.870000,-2.800000
19.133333,0.010000,-4.810000,1.510000,106.360000,-28.730000,-2.650000
19.166667,0.010000,-4.820000,1.500000,106.800000,-29.110000,-2.840000
19.200000,0.020000,-4.830000,1.490000,107.240000,-29.500000,-3.040000
19.233333,0.030000,-4.830000,1.480000,107.680000,-29.880000,-3.230000
19.266667,0.030000,-4.840000,1.470000,108.120000,-30.260000,-3.420000
19.300000,0.040000,-4.850000,1.460000,108.560000,-30.640000,-3.620000
19.333333,0.050000,-4.860000,1.450000,109.000000,-31.030000,-3.810000
19.366667,0.060000,-4.860000,1.440000,109.430000,-31.410000,-4.000000
19.400000,0.060000,-4.870000,1.430000,109.870000,-31.790000,-4.190000
19.433333,0.070000,-4.880000,1.420000,110.310000,-32.170000,-4.390000
19.466667,0.080000,-4.880000,1.410000,110.750000,-32.560000,-4.580000
19.500000,0.080000,-4.890000,1.400000,111.190000,-32.940000,-4.770000
19.533333,0.090000,-4.900000,1.380000,111.630000,-33.320000,-4.970000
19.566667,0.100000,-4.910000,1.370000,110.930000,-32.070000,-4.130000
19.600000,0.110000,-4.910000,1.360000,110.230000,-30.820000,-3.290000
19.633333,0.110000,-4.920000,1.350000,109.540000,-29.570000,-2.450000
19.666667,0.120000,-4.930000,1.340000,108.840000,-28.320000,-1.610000
19.700000,0.130000,-4.940000,1.330000,108.140000,-27.070000,-0.770000
19.733333,0.130000,-4.940000,1.320000,107.440000,-25.820000,0.070000
19.766667,0.140000,-4.950000,1.310000,106.740000,-24.570000,0.910000
19.800000,0.150000,-4.960000,1.300000,106.040000,-23.320000,1.750000
19.833333,0.160000,-4.970000,1.290000,105.350000,-22.070000,2.590000
19.866667,0.160000,-4.970000,1.280000,104.650000,-20.820000,3.440000
19.900000,0.170000,-4.980000,1.270000,103.950000,-19.570000,4.280000
19.933333,0.180000,-4.990000,1.260000,103.250000,-18.320000,5.120000
19.966667,0.180000,-4.980000,1.260000,102.550000,-17.070000,5.960000
20.000000,0.190000,-4.980000,1.270000,101.860000,-15.820000,6.800000
20.033333,0.190000,-4.980000,1.280000,101.910000,-14.810000,5.870000
20.066667,0.190000,-4.970000,1.280000,101.970000,-13.800000,4.940000
20.100000,0.200000,-4.970000,1.290000,102.020000,-12.790000,4.020000
20.133333,0.200000,-4.960000,1.300000,102.080000,-11.780000,3.090000
20.166667,0.210000,-4.960000,1.300000,102.140000,-10.770000,2.160000
20.200000,0.210000,-4.950000,1.310000,102.190000,-9.760000,1.240000
20.233333,0.220000,-4.950000,1.320000,102.250000,-8.750000,0.310000
20.266667,0.220000,-4.940000,1.320000,102.300000,-7.740000,-0.620000
20.300000,0.230000,-4.940000,1.330000,102.360000,-6.730000,-1.540000
20.333333,0.220000,-4.940000,1.330000,102.420000,-5.720000,-2.470000
20.366667,0.210000,-4.930000,1.330000,102.470000,-4.710000,-3.400000
20.400000,0.200000,-4.930000,1.330000,102.530000,-3.700000,-4.320000
20.433333,0.200000,-4.930000,1.330000,102.580000,-2.690000,-5.250000
20.466667,0.190000,-4.920000,1.320000,102.640000,-1.680000,-6.180000
20.500000,0.180000,-4.920000,1.320000,102.700000,-0.670000,-7.100000
20.533333,0.180000,-4.920000,1.320000,102.750000,0.340000,-8.030000
20.566667,0.170000,-4.920000,1.320000,102.810000,1.350000,-8.960000
20.600000,0.160000,-4.910000,1.320000,102.860000,2.360000,-9.880000
20.633333,0.150000,-4.910000,1.320000,102.920000,3.370000,-10.810000
20.666667,0.150000,-4.910000,1.320000,102.980000,4.380000,-11.730000
20.700000,0.140000,-4.900000,1.320000,103.200000,2.330000,-10.650000
20.733333,0.130000,-4.900000,1.320000,103.420000,0.280000,-9.560000
20.766667,0.130000,-4.900000,1.330000,103.650000,-1.770000,-8.470000
20.800000,0.120000,-4.900000,1.340000,103.870000,-3.820000,-7.380000
20.833333,0.110000,-4.910000,1.350000,104.100000,-5.870000,-6.290000
20.866667,0.100000,-4.910000,1.360000,104.320000,-7.920000,-5.200000
20.900000,0.090000,-4.910000,1.370000,104.540000,-9.970000,-4.110000
20.933333,0.090000,-4.910000,1.380000,104.770000,-12.020000,-3.020000
20.966667,0.080000,-4.910000,1.390000,104.660000,-11.340000,-2.730000
21.000000,0.070000,-4.910000,1.400000,104.550000,-10.650000,-2.440000
21.033333,0.060000,-4.910000,1.410000,104.440000,-9.960000,-2.160000
21.066667,0.060000,-4.920000,1.420000,104.330000,-9.270000,-1.870000
21.100000,0.050000,-4.920000,1.430000,104.220000,-8.590000,-1.590000
21.133333,0.040000,-4.920000,1.450000,104.110000,-7.900000,-1.300000
21.166667,0.030000,-4.920000,1.460000,104.000000,-7.210000,-1.010000
21.200000,0.020000,-4.920000,1.470000,103.890000,-6.520000,-0.730000
21.233333,0.020000,-4.920000,1.480000,103.780000,-5.830000,-0.440000
21.266667,0.020000,-4.920000,1.480000,103.670000,-5.150000,-0.160000
21.300000,0.020000,-4.920000,1.470000,103.560000,-4.460000,0.130000
21.333333,0.030000,-4.920000,1.470000,103.450000,-3.770000,0.420000
21.366667,0.030000,-4.920000,1.470000,103.930000,-4.430000,0.150000
21.400000,0.030000,-4.930000,1.460000,104.410000,-5.100000,-0.110000
21.433333,0.040000,-4.930000,1.460000,104.890000,-5.760000,-0.370000
21.466667,0.040000,-4.930000,1.460000,105.370000,-6.430000,-0.630000
21.500000,0.040000,-4.930000,1.460000,105.850000,-7.090000,-0.900000
21.533333,0.050000,-4.930000,1.450000,106.330000,-7.760000,-1.160000
21.566667,0.050000,-4.930000,1.450000,106.810000,-8.420000,-1.420000
21.600000,0.050000,-4.930000,1.450000,107.290000,-9.090000,-1.680000
21.633333,0.050000,-4.930000,1.450000,107.770000,-9.750000,-1.950000
21.666667,0.050000,-4.920000,1.450000,108.250000,-10.410000,-2.210000
21.700000,0.040000,-4.920000,1.450000,108.730000,-11.080000,-2.470000
21.733333,0.040000,-4.920000,1.450000,109.220000,-11.740000,-2.730000
21.766667,0.040000,-4.920000,1.450000,109.700000,-12.410000,-3.000000
21.800000,0.030000,-4.920000,1.450000,110.180000,-13.070000,-3.260000
21.833333,0.030000,-4.920000,1.450000,110.660000,-13.740000,-3.520000
21.866667,0.030000,-4.910000,1.450000,110.510000,-13.170000,-2.760000
21.900000,0.020000,-4.910000,1.450000,110.370000,-12.600000,-1.990000
21.933333,0.020000,-4.910000,1.450000,110.230000,-12.040000,-1.220000
21.966667,0.020000,-4.910000,1.450000,110.090000,-11.470000,-0.450000
22.000000,0.020000,-4.910000,1.450000,109.950000,-10.900000,0.310000
22.033333,0.010000,-4.900000,1.450000,109.810000,-10.330000,1.080000
22.066667,0.010000,-4.900000,1.450000,109.670000,-9.770000,1.850000
22.100000,0.010000,-4.900000,1.450000,109.530000,-9.200000,2.620000
22.133333,0.000000,-4.900000,1.460000,109.390000,-8.630000,3.380000
22.166667,-0.010000,-4.890000,1.460000,109.240000,-8.060000,4.150000
22.200000,-0.020000,-4.890000,1.460000,109.100000,-7.500000,4.920000
22.233333,-0.030000,-4.890000,1.460000,108.960000,-6.930000,5.690000
22.266667,-0.040000,-4.880000,1.460000,108.820000,-6.360000,6.450000
22.300000,-0.050000,-4.880000,1.460000,108.680000,-5.800000,7.220000
22.333333,-0.050000,-4.880000,1.450000,108.540000,-5.230000,7.990000
22.366667,-0.050000,-4.870000,1.440000,107.400000,-5.060000,7.990000
22.400000,-0.050000,-4.870000,1.430000,106.270000,-4.880000,8.000000
22.433333,-0.050000,-4.870000,1.420000,105.130000,-4.710000,8.000000
22.466667,-0.050000,-4.870000,1.400000,103.990000,-4.540000,8.010000
22.500000,-0.050000,-4.860000,1.390000,102.860000,-4.360000,8.020000
22.533333,-0.040000,-4.860000,1.380000,101.720000,-4.190000,8.020000
22.566667,-0.040000,-4.860000,1.370000,100.580000,-4.020000,8.030000
22.600000,-0.040000,-4.860000,1.360000,99.450000,-3.840000,8.030000
22.633333,-0.040000,-4.850000,1.350000,98.310000,-3.670000,8.040000
22.666667,-0.040000,-4.850000,1.360000,97.170000,-3.500000,8.040000
22.700000,-0.050000,-4.850000,1.370000,96.040000,-3.330000,8.050000
22.733333,-0.050000,-4.850000,1.390000,94.900000,-3.150000,8.050000
22.766667,-0.050000,-4.850000,1.400000,93.760000,-2.980000,8.060000
22.800000,-0.050000,-4.850000,1.420000,92.630000,-2.810000,8.070000
22.833333,-0.050000,-4.850000,1.430000,91.490000,-2.630000,8.070000
22.866667,-0.050000,-4.850000,1.440000,90.350000,-2.460000,8.080000
22.900000,-0.060000,-4.850000,1.460000,89.220000,-2.290000,8.080000
22.933333,-0.060000,-4.850000,1.470000,88.080000,-2.110000,8.090000
22.966667,-0.060000,-4.850000,1.480000,86.950000,-1.940000,8.090000
23.000000,-0.060000,-4.850000,1.500000,85.810000,-1.770000,8.100000
23.033333,-0.060000,-4.840000,1.510000,84.670000,-1.590000,8.100000
23.066667,-0.070000,-4.840000,1.530000,84.830000,-2.400000,7.020000
23.100000,-0.070000,-4.840000,1.540000,84.990000,-3.200000,5.940000
23.133333,-0.070000,-4.840000,1.550000,85.150000,-4.000000,4.860000
23.166667,-0.070000,-4.840000,1.570000,85.300000,-4.800000,3.780000
23.200000,-0.070000,-4.840000,1.580000,85.460000,-5.600000,2.700000
23.233333,-0.070000,-4.840000,1.600000,85.620000,-6.410000,1.620000
23.266667,-0.080000,-4.840000,1.610000,85.780000,-7.210000,0.540000
23.300000,-0.080000,-4.840000,1.620000,85.940000,-8.010000,-0.540000
23.333333,-0.080000,-4.840000,1.640000,86.090000,-8.810000,-1.620000
23.366667,-0.080000,-4.840000,1.650000,86.070000,-8.930000,-1.490000
23.400000,-0.080000,-4.840000,1.670000,86.050000,-9.050000,-1.350000
23.433333,-0.090000,-4.830000,1.680000,86.040000,-9.170000,-1.210000
23.466667,-0.090000,-4.830000,1.690000,86.020000,-9.290000,-1.070000
23.500000,-0.090000,-4.830000,1.710000,86.000000,-9.400000,-0.940000
23.533333,-0.090000,-4.830000,1.720000,85.980000,-9.520000,-0.800000
23.566667,-0.080000,-4.830000,1.720000,85.960000,-9.640000,-0.660000
23.600000,-0.070000,-4.830000,1.720000,85.940000,-9.760000,-0.530000
23.633333,-0.060000,-4.830000,1.720000,85.920000,-9.880000,-0.390000
23.666667,-0.050000,-4.820000,1.710000,85.900000,-9.990000,-0.250000
23.700000,-0.040000,-4.820000,1.710000,85.880000,-10.110000,-0.110000
23.733333,-0.050000,-4.810000,1.710000,85.870000,-10.230000,0.020000
23.766667,-0.050000,-4.800000,1.700000,85.850000,-10.350000,0.160000
23.800000,-0.060000,-4.800000,1.700000,85.830000,-10.470000,0.300000
23.833333,-0.060000,-4.790000,1.690000,85.810000,-10.590000,0.430000
23.866667,-0.070000,-4.780000,1.690000,85.790000,-10.700000,0.570000
23.900000,-0.080000,-4.770000,1.680000,85.770000,-10.820000,0.710000
23.933333,-0.080000,-4.760000,1.680000,85.750000,-10.940000,0.850000
23.966667,-0.090000,-4.750000,1.670000,85.730000,-11.060000,0.980000
24.000000,-0.090000,-4.740000,1.670000,85.710000,-11.180000,1.120000
24.033333,-0.100000,-4.730000,1.660000,85.700000,-11.290000,1.260000
24.066667,-0.100000,-4.730000,1.660000,85.680000,-11.410000,1.390000
24.100000,-0.110000,-4.720000,1.650000,85.660000,-11.530000,1.530000
24.133333,-0.110000,-4.710000,1.650000,85.640000,-11.650000,1.670000
24.166667,-0.120000,-4.700000,1.640000,85.620000,-11.770000,1.810000
24.200000,-0.130000,-4.690000,1.640000,85.600000,-11.890000,1.940000
24.233333,-0.130000,-4.680000,1.630000,85.580000,-12.000000,2.080000
24.266667,-0.140000,-4.670000,1.630000,85.560000,-12.120000,2.220000
24.300000,-0.140000,-4.680000,1.620000,85.430000,-11.590000,1.330000
24.333333,-0.140000,-4.690000,1.600000,85.290000,-11.060000,0.450000
24.366667,-0.140000,-4.690000,1.590000,85.150000,-10.520000,-0.440000
24.400000,-0.140000,-4.700000,1.580000,85.010000,-9.990000,-1.320000
24.433333,-0.140000,-4.710000,1.570000,84.880000,-9.450000,-2.210000
24.466667,-0.140000,-4.720000,1.560000,84.990000,-9.080000,-2.350000
24.500000,-0.150000,-4.720000,1.540000,85.110000,-8.700000,-2.500000
24.533333,-0.150000,-4.730000,1.530000,85.230000,-8.320000,-2.640000
24.566667,-0.150000,-4.740000,1.520000,85.350000,-7.940000,-2.780000
24.600000,-0.150000,-4.740000,1.510000,85.460000,-7.570000,-2.920000
24.633333,-0.150000,-4.750000,1.500000,85.580000,-7.190000,-3.070000
24.666667,-0.150000,-4.760000,1.490000,85.700000,-6.810000,-3.210000
24.700000,-0.150000,-4.760000,1.470000,85.810000,-6.440000,-3.350000
24.733333,-0.160000,-4.770000,1.460000,85.930000,-6.060000,-3.500000
24.766667,-0.160000,-4.780000,1.450000,86.050000,-5.680000,-3.640000
24.800000,-0.160000,-4.780000,1.440000,86.170000,-5.300000,-3.780000
24.833333,-0.160000,-4.790000,1.430000,86.280000,-4.930000,-3.930000
24.866667,-0.160000,-4.800000,1.410000,86.400000,-4.550000,-4.070000
24.900000,-0.160000,-4.800000,1.400000,86.520000,-4.170000,-4.210000
24.933333,-0.160000,-4.810000,1.390000,87.180000,-3.730000,-3.630000
24.966667,-0.170000,-4.820000,1.380000,87.850000,-3.280000,-3.050000
25.000000,-0.170000,-4.830000,1.370000,88.510000,-2.840000,-2.470000
25.033333,-0.170000,-4.830000,1.350000,89.180000,-2.390000,-1.880000
25.066667,-0.170000,-4.840000,1.340000,89.840000,-1.950000,-1.300000
25.100000,-0.170000,-4.840000,1.340000,90.510000,-1.500000,-0.720000
25.133333,-0.180000,-4.840000,1.350000,91.170000,-1.060000,-0.140000
25.166667,-0.180000,-4.830000,1.360000,90.160000,-1.560000,-1.130000
25.200000,-0.190000,-4.830000,1.370000,89.150000,-2.060000,-2.120000
25.233333,-0.190000,-4.820000,1.370000,88.130000,-2.560000,-3.110000
25.266667,-0.190000,-4.820000,1.380000,87.120000,-3.070000,-4.100000
25.300000,-0.200000,-4.820000,1.390000,86.110000,-3.570000,-5.100000
25.333333,-0.200000,-4.810000,1.400000,85.100000,-4.070000,-6.090000
25.366667,-0.210000,-4.810000,1.400000,84.090000,-4.570000,-7.080000
25.400000,-0.200000,-4.810000,1.410000,83.070000,-5.070000,-8.070000
25.433333,-0.200000,-4.810000,1.420000,82.060000,-5.580000,-9.060000
25.466667,-0.190000,-4.820000,1.430000,81.050000,-6.080000,-10.060000
25.500000,-0.180000,-4.820000,1.430000,80.040000,-6.580000,-11.050000
25.533333,-0.180000,-4.820000,1.440000,79.020000,-7.080000,-12.040000
25.566667,-0.170000,-4.820000,1.450000,78.010000,-7.580000,-13.030000
25.600000,-0.160000,-4.820000,1.450000,77.000000,-8.090000,-14.020000
25.633333,-0.160000,-4.820000,1.460000,75.990000,-8.590000,-15.020000
25.666667,-0.150000,-4.830000,1.470000,74.980000,-9.090000,-16.010000
25.700000,-0.140000,-4.830000,1.460000,73.960000,-9.590000,-17.000000
25.733333,-0.130000,-4.830000,1.460000,72.950000,-10.090000,-17.990000
25.766667,-0.120000,-4.830000,1.450000,71.940000,-10.600000,-18.980000
25.800000,-0.110000,-4.830000,1.450000,73.030000,-9.160000,-20.040000
25.833333,-0.110000,-4.830000,1.440000,74.120000,-7.720000,-21.100000
25.866667,-0.100000,-4.830000,1.440000,75.210000,-6.280000,-22.150000
25.900000,-0.090000,-4.830000,1.430000,76.300000,-4.850000,-23.210000
25.933333,-0.080000,-4.840000,1.430000,77.390000,-3.410000,-24.270000
25.966667,-0.070000,-4.840000,1.420000,78.480000,-1.970000,-25.320000
26.000000,-0.060000,-4.840000,1.410000,79.570000,-0.530000,-26.380000
26.033333,-0.050000,-4.840000,1.410000,80.660000,0.910000,-27.440000
26.066667,-0.040000,-4.840000,1.400000,81.800000,1.130000,-29.210000
26.100000,-0.020000,-4.840000,1.390000,82.950000,1.360000,-30.990000
26.133333,-0.010000,-4.840000,1.390000,84.090000,1.580000,-32.760000
26.166667,0.000000,-4.850000,1.380000,85.230000,1.800000,-34.530000
26.200000,0.010000,-4.850000,1.370000,86.370000,2.030000,-36.310000
26.233333,0.020000,-4.850000,1.360000,87.520000,2.250000,-38.080000
26.266667,0.030000,-4.850000,1.360000,88.660000,2.480000,-39.860000
26.300000,0.040000,-4.850000,1.350000,89.800000,2.700000,-41.630000
26.333333,0.050000,-4.850000,1.340000,90.940000,2.930000,-43.400000
26.366667,0.060000,-4.850000,1.340000,92.090000,2.250000,-41.300000
26.400000,0.070000,-4.850000,1.330000,93.230000,1.570000,-39.200000
26.433333,0.080000,-4.860000,1.320000,94.370000,0.890000,-37.090000
26.466667,0.090000,-4.860000,1.310000,95.520000,0.200000,-34.990000
26.500000,0.080000,-4.860000,1.320000,96.660000,-0.480000,-32.890000
26.533333,0.070000,-4.860000,1.330000,97.800000,-1.160000,-30.780000
26.566667,0.060000,-4.860000,1.340000,98.950000,-1.840000,-28.680000
26.600000,0.050000,-4.860000,1.340000,100.090000,-2.520000,-26.580000
26.633333,0.040000,-4.870000,1.350000,101.230000,-3.200000,-24.480000
26.666667,0.030000,-4.870000,1.360000,102.370000,-3.880000,-22.370000
26.700000,0.020000,-4.870000,1.360000,103.520000,-4.560000,-20.270000
26.733333,0.010000,-4.870000,1.370000,104.660000,-5.240000,-18.170000
26.766667,-0.010000,-4.870000,1.380000,105.800000,-5.930000,-16.060000
26.800000,-0.020000,-4.870000,1.390000,106.950000,-6.610000,-13.960000
26.833333,-0.030000,-4.880000,1.390000,108.090000,-7.290000,-11.860000
26.866667,-0.040000,-4.880000,1.400000,109.230000,-7.970000,-9.750000
26.900000,-0.030000,-4.870000,1.410000,110.380000,-8.650000,-7.650000
26.933333,-0.020000,-4.870000,1.410000,111.520000,-9.330000,-5.550000
26.966667,-0.010000,-4.860000,1.420000,110.300000,-10.250000,-5.310000
27.000000,0.000000,-4.850000,1.430000,109.090000,-11.170000,-5.080000
27.033333,0.010000,-4.850000,1.430000,107.870000,-12.090000,-4.840000
27.066667,0.020000,-4.840000,1.440000,106.650000,-13.010000,-4.600000
27.100000,0.030000,-4.840000,1.440000,105.430000,-13.930000,-4.370000
27.133333,0.040000,-4.830000,1.450000,104.220000,-14.850000,-4.130000
27.166667,0.050000,-4.820000,1.460000,103.000000,-15.770000,-3.900000
27.200000,0.060000,-4.820000,1.460000,101.780000,-16.690000,-3.660000
27.233333,0.070000,-4.810000,1.470000,100.570000,-17.610000,-3.430000
27.266667,0.080000,-4.810000,1.470000,99.350000,-18.530000,-3.190000
27.300000,0.090000,-4.800000,1.480000,98.130000,-19.450000,-2.950000
27.333333,0.100000,-4.790000,1.490000,96.910000,-20.370000,-2.720000
27.366667,0.110000,-4.790000,1.490000,95.700000,-21.290000,-2.480000
27.400000,0.120000,-4.780000,1.500000,94.480000,-22.210000,-2.250000
27.433333,0.130000,-4.780000,1.510000,93.260000,-23.130000,-2.010000
27.466667,0.140000,-4.770000,1.510000,92.040000,-24.050000,-1.780000
27.500000,0.150000,-4.760000,1.520000,90.830000,-24.970000,-1.540000
27.533333,0.160000,-4.760000,1.520000,89.610000,-25.890000,-1.300000
27.566667,0.160000,-4.750000,1.530000,88.390000,-26.810000,-1.070000
27.600000,0.170000,-4.750000,1.540000,87.180000,-27.730000,-0.830000
27.633333,0.180000,-4.740000,1.540000,87.180000,-28.190000,-0.260000
27.666667,0.180000,-4.740000,1.550000,87.180000,-28.650000,0.320000
27.700000,0.170000,-4.750000,1.550000,87.180000,-29.100000,0.890000
27.733333,0.160000,-4.750000,1.550000,87.180000,-29.560000,1.470000
27.766667,0.150000,-4.750000,1.550000,87.180000,-30.020000,2.050000
27.800000,0.140000,-4.760000,1.560000,87.180000,-30.470000,2.620000
27.833333,0.130000,-4.760000,1.560000,87.180000,-30.930000,3.200000
27.866667,0.120000,-4.760000,1.560000,87.180000,-31.390000,3.770000
27.900000,0.120000,-4.770000,1.570000,87.180000,-31.850000,4.350000
27.933333,0.110000,-4.770000,1.570000,87.180000,-32.300000,4.920000
27.966667,0.100000,-4.770000,1.570000,87.190000,-32.760000,5.500000
28.000000,0.090000,-4.780000,1.580000,87.190000,-33.220000,6.080000
28.033333,0.080000,-4.780000,1.580000,87.190000,-33.670000,6.650000
28.066667,0.070000,-4.780000,1.580000,87.190000,-34.130000,7.230000
28.100000,0.070000,-4.790000,1.600000,87.190000,-34.590000,7.800000
28.133333,0.070000,-4.800000,1.610000,87.190000,-35.050000,8.380000
28.166667,0.070000,-4.810000,1.620000,87.190000,-35.500000,8.950000
28.200000,0.070000,-4.810000,1.640000,87.190000,-35.960000,9.530000
28.233333,0.070000,-4.820000,1.650000,87.190000,-36.420000,10.110000
28.266667,0.070000,-4.830000,1.660000,87.190000,-36.870000,10.680000
28.300000,0.080000,-4.840000,1.670000,88.940000,-35.380000,9.920000
28.333333,0.080000,-4.850000,1.690000,90.680000,-33.890000,9.150000
28.366667,0.080000,-4.860000,1.700000,92.430000,-32.390000,8.390000
28.400000,0.080000,-4.860000,1.710000,94.170000,-30.900000,7.630000
28.433333,0.080000,-4.870000,1.730000,95.920000,-29.400000,6.860000
28.466667,0.080000,-4.880000,1.740000,97.660000,-27.910000,6.100000
28.500000,0.080000,-4.890000,1.750000,99.410000,-26.420000,5.330000
28.533333,0.080000,-4.900000,1.760000,101.150000,-24.920000,4.570000
28.566667,0.080000,-4.900000,1.780000,102.890000,-23.430000,3.800000
28.600000,0.080000,-4.910000,1.790000,104.640000,-21.930000,3.040000
28.633333,0.080000,-4.920000,1.800000,106.380000,-20.440000,2.270000
28.666667,0.080000,-4.930000,1.820000,108.130000,-18.950000,1.510000
28.700000,0.080000,-4.940000,1.830000,109.870000,-17.450000,0.750000
28.733333,0.080000,-4.940000,1.840000,111.620000,-15.960000,-0.020000
28.766667,0.080000,-4.950000,1.860000,111.880000,-14.500000,-0.920000
28.800000,0.090000,-4.950000,1.860000,112.150000,-13.040000,-1.830000
28.833333,0.100000,-4.960000,1.870000,112.420000,-11.580000,-2.740000
28.866667,0.120000,-4.960000,1.870000,112.690000,-10.120000,-3.650000
28.900000,0.130000,-4.960000,1.880000,112.960000,-8.660000,-4.550000
28.933333,0.140000,-4.960000,1.890000,113.230000,-7.200000,-5.460000
28.966667,0.150000,-4.960000,1.890000,113.490000,-5.750000,-6.370000
29.000000,0.160000,-4.970000,1.900000,113.760000,-4.290000,-7.270000
29.033333,0.170000,-4.970000,1.910000,114.030000,-2.830000,-8.180000
29.066667,0.170000,-4.970000,1.900000,114.300000,-1.370000,-9.090000
29.100000,0.170000,-4.970000,1.890000,114.570000,0.090000,-9.990000
29.133333,0.160000,-4.970000,1.890000,114.840000,1.550000,-10.900000
29.166667,0.160000,-4.970000,1.880000,113.930000,2.510000,-11.760000
29.200000,0.160000,-4.970000,1.870000,113.020000,3.480000,-12.620000
29.233333,0.150000,-4.970000,1.870000,112.110000,4.440000,-13.490000
29.266667,0.150000,-4.970000,1.860000,111.200000,5.400000,-14.350000
29.300000,0.150000,-4.960000,1.850000,110.280000,6.360000,-15.210000
29.333333,0.140000,-4.960000,1.850000,109.370000,7.330000,-16.070000
29.366667,0.140000,-4.960000,1.840000,108.460000,8.290000,-16.940000
29.400000,0.140000,-4.960000,1.830000,107.550000,9.250000,-17.800000
29.433333,0.130000,-4.960000,1.830000,106.640000,10.220000,-18.660000
29.466667,0.130000,-4.960000,1.820000,105.730000,11.180000,-19.520000
29.500000,0.130000,-4.960000,1.810000,104.820000,12.140000,-20.390000
29.533333,0.120000,-4.960000,1.810000,103.630000,11.750000,-20.970000
29.566667,0.120000,-4.960000,1.800000,102.440000,11.350000,-21.550000
29.600000,0.120000,-4.960000,1.790000,101.250000,10.960000,-22.140000
29.633333,0.110000,-4.960000,1.790000,100.050000,10.560000,-22.720000
29.666667,0.110000,-4.960000,1.780000,98.860000,10.170000,-23.300000
29.700000,0.110000,-4.960000,1.770000,97.670000,9.770000,-23.880000
29.733333,0.100000,-4.960000,1.770000,96.470000,9.370000,-24.470000
29.766667,0.100000,-4.960000,1.760000,95.280000,8.980000,-25.050000
29.800000,0.100000,-4.960000,1.750000,94.090000,8.580000,-25.630000
29.833333,0.090000,-4.960000,1.750000,92.900000,8.190000,-26.210000
29.866667,0.090000,-4.960000,1.730000,91.700000,7.790000,-26.800000
29.900000,0.090000,-4.960000,1.720000,90.510000,7.400000,-27.380000
29.933333,0.090000,-4.960000,1.710000,89.320000,7.000000,-27.960000
29.966667,0.090000,-4.960000,1.690000,88.130000,6.610000,-28.540000
