0.000000,2.600000,-2.500000,1.300000,90.000000,0.000000,0.000000
0.033333,2.610000,-2.490000,1.300000,89.750000,-0.160000,0.310000
0.066667,2.620000,-2.470000,1.290000,89.510000,-0.320000,0.620000
0.100000,2.620000,-2.460000,1.290000,89.260000,-0.490000,0.930000
0.133333,2.630000,-2.450000,1.290000,89.020000,-0.650000,1.250000
0.166667,2.640000,-2.430000,1.280000,88.770000,-0.810000,1.560000
0.200000,2.650000,-2.420000,1.280000,88.520000,-0.970000,1.870000
0.233333,2.650000,-2.410000,1.280000,88.280000,-1.130000,2.180000
0.266667,2.660000,-2.390000,1.270000,88.030000,-1.300000,2.490000
0.300000,2.670000,-2.380000,1.270000,87.780000,-1.460000,2.800000
0.333333,2.680000,-2.360000,1.270000,87.540000,-1.620000,3.110000
0.366667,2.680000,-2.350000,1.260000,87.290000,-1.780000,3.420000
0.400000,2.690000,-2.340000,1.260000,87.050000,-1.940000,3.740000
0.433333,2.700000,-2.320000,1.260000,86.800000,-2.110000,4.050000
0.466667,2.710000,-2.310000,1.250000,86.550000,-2.270000,4.360000
0.500000,2.710000,-2.300000,1.250000,86.310000,-2.430000,4.670000
0.533333,2.720000,-2.280000,1.250000,86.060000,-2.590000,4.980000
0.566667,2.730000,-2.270000,1.240000,85.810000,-2.750000,5.290000
0.600000,2.740000,-2.260000,1.240000,85.570000,-2.920000,5.600000
0.633333,2.740000,-2.240000,1.240000,86.520000,-2.050000,5.000000
0.666667,2.750000,-2.230000,1.230000,87.480000,-1.180000,4.390000
0.700000,2.760000,-2.220000,1.230000,88.430000,-0.320000,3.790000
0.733333,2.770000,-2.200000,1.230000,89.390000,0.550000,3.190000
0.766667,2.770000,-2.190000,1.220000,90.340000,1.420000,2.580000
0.800000,2.780000,-2.170000,1.220000,91.300000,2.290000,1.980000
0.833333,2.790000,-2.160000,1.220000,92.260000,3.150000,1.370000
0.866667,2.800000,-2.150000,1.210000,93.210000,4.020000,0.770000
0.900000,2.810000,-2.130000,1.210000,94.170000,4.890000,0.160000
0.933333,2.810000,-2.120000,1.210000,95.120000,5.750000,-0.440000
0.966667,2.800000,-2.120000,1.210000,96.080000,6.620000,-1.040000
1.000000,2.790000,-2.130000,1.210000,97.030000,7.490000,-1.650000
1.033333,2.780000,-2.130000,1.210000,97.990000,8.350000,-2.250000
1.066667,2.770000,-2.130000,1.210000,98.940000,9.220000,-2.860000
1.100000,2.760000,-2.140000,1.210000,99.900000,10.090000,-3.460000
1.133333,2.760000,-2.140000,1.210000,100.850000,10.950000,-4.070000
1.166667,2.750000,-2.150000,1.210000,101.810000,11.820000,-4.670000
1.200000,2.750000,-2.150000,1.210000,100.760000,10.590000,-4.430000
1.233333,2.740000,-2.150000,1.220000,99.710000,9.360000,-4.190000
1.266667,2.740000,-2.150000,1.230000,98.660000,8.130000,-3.940000
1.300000,2.740000,-2.160000,1.230000,97.610000,6.900000,-3.700000
1.333333,2.740000,-2.160000,1.240000,96.560000,5.670000,-3.460000
1.366667,2.740000,-2.160000,1.240000,95.520000,4.440000,-3.220000
1.400000,2.740000,-2.170000,1.250000,94.470000,3.210000,-2.970000
1.433333,2.740000,-2.170000,1.250000,93.420000,1.980000,-2.730000
1.466667,2.740000,-2.170000,1.260000,92.370000,0.750000,-2.490000
1.500000,2.740000,-2.170000,1.270000,91.320000,-0.480000,-2.250000
1.533333,2.740000,-2.180000,1.270000,90.270000,-1.710000,-2.000000
1.566667,2.740000,-2.180000,1.280000,89.220000,-2.940000,-1.760000
1.600000,2.730000,-2.180000,1.280000,89.860000,-2.720000,-1.830000
1.633333,2.730000,-2.180000,1.290000,90.500000,-2.500000,-1.900000
1.666667,2.730000,-2.190000,1.290000,91.140000,-2.280000,-1.960000
1.700000,2.730000,-2.190000,1.300000,91.780000,-2.060000,-2.030000
1.733333,2.730000,-2.190000,1.300000,92.500000,-1.070000,-3.380000
1.766667,2.730000,-2.200000,1.310000,93.210000,-0.080000,-4.720000
1.800000,2.730000,-2.200000,1.320000,93.920000,0.910000,-6.070000
1.833333,2.730000,-2.200000,1.320000,94.640000,1.890000,-7.420000
1.866667,2.720000,-2.200000,1.320000,95.350000,2.880000,-8.770000
1.900000,2.710000,-2.210000,1.310000,96.070000,3.870000,-10.120000
1.933333,2.710000,-2.210000,1.310000,96.780000,4.860000,-11.460000
1.966667,2.700000,-2.210000,1.300000,97.490000,5.850000,-12.810000
2.000000,2.690000,-2.210000,1.300000,98.210000,6.840000,-14.160000
2.033333,2.690000,-2.220000,1.300000,98.920000,7.820000,-15.510000
2.066667,2.680000,-2.220000,1.290000,99.630000,8.810000,-16.850000
2.100000,2.670000,-2.220000,1.290000,98.390000,7.660000,-16.260000
2.133333,2.660000,-2.220000,1.280000,97.150000,6.510000,-15.660000
2.166667,2.660000,-2.230000,1.280000,95.910000,5.350000,-15.060000
2.200000,2.650000,-2.230000,1.270000,94.670000,4.200000,-14.460000
2.233333,2.640000,-2.230000,1.270000,93.430000,3.050000,-13.860000
2.266667,2.640000,-2.230000,1.260000,92.190000,1.890000,-13.270000
2.300000,2.630000,-2.240000,1.260000,90.950000,0.740000,-12.670000
2.333333,2.620000,-2.240000,1.260000,89.710000,-0.420000,-12.070000
2.366667,2.610000,-2.240000,1.250000,88.470000,-1.570000,-11.470000
2.400000,2.610000,-2.240000,1.250000,87.230000,-2.720000,-10.870000
2.433333,2.600000,-2.250000,1.240000,85.990000,-3.880000,-10.280000
2.466667,2.590000,-2.250000,1.240000,84.750000,-5.030000,-9.680000
2.500000,2.590000,-2.250000,1.230000,83.500000,-6.180000,-9.080000
2.533333,2.580000,-2.250000,1.230000,82.260000,-7.340000,-8.480000
2.566667,2.570000,-2.260000,1.220000,81.020000,-8.490000,-7.880000
2.600000,2.560000,-2.260000,1.220000,79.960000,-8.970000,-9.370000
2.633333,2.560000,-2.260000,1.210000,78.900000,-9.450000,-10.860000
2.666667,2.550000,-2.260000,1.210000,77.840000,-9.930000,-12.350000
2.700000,2.540000,-2.270000,1.210000,76.770000,-10.420000,-13.840000
2.733333,2.540000,-2.270000,1.200000,77.540000,-11.010000,-12.310000
2.766667,2.530000,-2.270000,1.200000,78.310000,-11.600000,-10.780000
2.800000,2.520000,-2.270000,1.190000,79.080000,-12.190000,-9.250000
2.833333,2.520000,-2.280000,1.190000,79.850000,-12.790000,-7.720000
2.866667,2.520000,-2.280000,1.190000,80.620000,-13.380000,-6.190000
2.900000,2.520000,-2.280000,1.190000,81.390000,-13.970000,-4.660000
2.933333,2.530000,-2.280000,1.190000,82.160000,-14.570000,-3.140000
2.966667,2.530000,-2.280000,1.180000,82.930000,-15.160000,-1.610000
3.000000,2.540000,-2.280000,1.180000,83.700000,-15.750000,-0.080000
3.033333,2.540000,-2.280000,1.180000,84.470000,-16.350000,1.450000
3.066667,2.550000,-2.280000,1.180000,85.240000,-16.940000,2.980000
3.100000,2.550000,-2.280000,1.180000,86.010000,-17.530000,4.510000
3.133333,2.560000,-2.280000,1.180000,85.780000,-17.420000,4.490000
3.166667,2.550000,-2.280000,1.190000,85.550000,-17.300000,4.470000
3.200000,2.540000,-2.280000,1.190000,85.320000,-17.180000,4.460000
3.233333,2.530000,-2.290000,1.200000,85.090000,-17.070000,4.440000
3.266667,2.520000,-2.290000,1.200000,84.860000,-16.950000,4.420000
3.300000,2.510000,-2.300000,1.210000,84.630000,-16.840000,4.400000
3.333333,2.500000,-2.300000,1.210000,84.400000,-16.720000,4.390000
3.366667,2.490000,-2.310000,1.220000,84.170000,-16.610000,4.370000
3.400000,2.480000,-2.310000,1.220000,83.940000,-16.490000,4.350000
3.433333,2.470000,-2.310000,1.230000,83.710000,-16.370000,4.340000
3.466667,2.460000,-2.320000,1.230000,83.480000,-16.260000,4.320000
3.500000,2.450000,-2.320000,1.240000,83.250000,-16.140000,4.300000
3.533333,2.440000,-2.330000,1.240000,83.020000,-16.030000,4.280000
3.566667,2.430000,-2.330000,1.250000,82.790000,-15.910000,4.270000
3.600000,2.420000,-2.330000,1.250000,82.560000,-15.800000,4.250000
3.633333,2.410000,-2.340000,1.260000,82.330000,-15.680000,4.230000
3.666667,2.400000,-2.340000,1.260000,82.100000,-15.560000,4.220000
3.700000,2.390000,-2.350000,1.270000,81.870000,-15.450000,4.200000
3.733333,2.380000,-2.350000,1.270000,81.640000,-15.330000,4.180000
3.766667,2.380000,-2.350000,1.280000,81.420000,-15.220000,4.160000
3.800000,2.370000,-2.360000,1.290000,81.190000,-15.100000,4.150000
3.833333,2.360000,-2.360000,1.290000,80.960000,-14.980000,4.130000
3.866667,2.360000,-2.360000,1.280000,80.730000,-14.870000,4.110000
3.900000,2.370000,-2.370000,1.270000,80.500000,-14.750000,4.100000
3.933333,2.380000,-2.370000,1.250000,80.590000,-14.200000,3.560000
3.966667,2.380000,-2.370000,1.240000,80.680000,-13.650000,3.020000
4.000000,2.390000,-2.370000,1.230000,80.760000,-13.100000,2.470000
4.033333,2.390000,-2.380000,1.220000,80.850000,-12.550000,1.930000
4.066667,2.400000,-2.380000,1.210000,80.940000,-11.990000,1.390000
4.100000,2.410000,-2.380000,1.190000,81.030000,-11.440000,0.850000
4.133333,2.410000,-2.380000,1.200000,81.120000,-10.890000,0.310000
4.166667,2.410000,-2.380000,1.210000,79.940000,-12.320000,-0.010000
4.200000,2.420000,-2.380000,1.210000,78.750000,-13.750000,-0.330000
4.233333,2.420000,-2.370000,1.210000,77.560000,-15.180000,-0.650000
4.266667,2.430000,-2.370000,1.210000,76.380000,-16.600000,-0.970000
4.300000,2.430000,-2.370000,1.220000,75.190000,-18.030000,-1.290000
4.333333,2.430000,-2.370000,1.230000,74.000000,-19.460000,-1.620000
4.366667,2.420000,-2.380000,1.230000,72.820000,-20.890000,-1.940000
4.400000,2.420000,-2.380000,1.240000,71.630000,-22.320000,-2.260000
4.433333,2.420000,-2.380000,1.250000,70.440000,-23.740000,-2.580000
4.466667,2.420000,-2.380000,1.260000,69.260000,-25.170000,-2.900000
4.500000,2.410000,-2.380000,1.260000,68.070000,-26.600000,-3.220000
4.533333,2.410000,-2.380000,1.270000,66.880000,-28.030000,-3.550000
4.566667,2.410000,-2.390000,1.280000,66.840000,-27.920000,-3.430000
4.600000,2.410000,-2.390000,1.290000,66.790000,-27.810000,-3.300000
4.633333,2.420000,-2.390000,1.290000,66.740000,-27.710000,-3.180000
4.666667,2.430000,-2.390000,1.300000,66.700000,-27.600000,-3.060000
4.700000,2.440000,-2.390000,1.310000,66.650000,-27.490000,-2.940000
4.733333,2.450000,-2.390000,1.320000,66.610000,-27.390000,-2.820000
4.766667,2.470000,-2.390000,1.330000,66.560000,-27.280000,-2.700000
4.800000,2.480000,-2.380000,1.330000,66.510000,-27.170000,-2.580000
4.833333,2.490000,-2.380000,1.340000,66.470000,-27.070000,-2.460000
4.866667,2.500000,-2.380000,1.350000,66.420000,-26.960000,-2.340000
4.900000,2.510000,-2.380000,1.360000,66.370000,-26.850000,-2.220000
4.933333,2.530000,-2.380000,1.360000,66.330000,-26.750000,-2.090000
4.966667,2.540000,-2.380000,1.370000,66.280000,-26.640000,-1.970000
5.000000,2.550000,-2.380000,1.380000,66.230000,-26.530000,-1.850000
5.033333,2.560000,-2.380000,1.390000,66.190000,-26.430000,-1.730000
5.066667,2.560000,-2.380000,1.380000,66.140000,-26.320000,-1.610000
5.100000,2.550000,-2.380000,1.370000,66.100000,-26.210000,-1.490000
5.133333,2.550000,-2.370000,1.370000,66.050000,-26.110000,-1.370000
5.166667,2.550000,-2.370000,1.360000,66.000000,-26.000000,-1.250000
5.200000,2.540000,-2.370000,1.360000,65.960000,-25.890000,-1.130000
5.233333,2.540000,-2.360000,1.350000,65.910000,-25.790000,-1.000000
5.266667,2.530000,-2.360000,1.340000,65.860000,-25.680000,-0.880000
5.300000,2.530000,-2.360000,1.340000,65.820000,-25.570000,-0.760000
5.333333,2.530000,-2.360000,1.330000,65.770000,-25.470000,-0.640000
5.366667,2.520000,-2.350000,1.320000,66.340000,-25.830000,-0.600000
5.400000,2.520000,-2.350000,1.320000,66.900000,-26.200000,-0.570000
5.433333,2.510000,-2.350000,1.310000,67.470000,-26.570000,-0.530000
5.466667,2.510000,-2.340000,1.300000,68.030000,-26.940000,-0.490000
5.500000,2.510000,-2.340000,1.300000,68.590000,-27.300000,-0.450000
5.533333,2.500000,-2.340000,1.290000,69.160000,-27.670000,-0.410000
5.566667,2.500000,-2.330000,1.280000,69.720000,-28.040000,-0.370000
5.600000,2.490000,-2.330000,1.280000,70.290000,-28.410000,-0.340000
5.633333,2.490000,-2.330000,1.270000,70.850000,-28.770000,-0.300000
5.666667,2.490000,-2.330000,1.260000,71.420000,-29.140000,-0.260000
5.700000,2.480000,-2.320000,1.260000,71.980000,-29.510000,-0.220000
5.733333,2.480000,-2.320000,1.250000,72.550000,-29.870000,-0.180000
5.766667,2.470000,-2.320000,1.250000,73.110000,-30.240000,-0.140000
5.800000,2.470000,-2.310000,1.240000,73.680000,-30.610000,-0.100000
5.833333,2.470000,-2.310000,1.230000,74.240000,-30.980000,-0.070000
5.866667,2.470000,-2.310000,1.240000,74.810000,-31.340000,-0.030000
5.900000,2.470000,-2.310000,1.240000,75.370000,-31.710000,0.010000
5.933333,2.470000,-2.310000,1.240000,75.940000,-32.080000,0.050000
5.966667,2.470000,-2.310000,1.240000,76.500000,-32.450000,0.090000
6.000000,2.470000,-2.320000,1.250000,77.060000,-32.810000,0.130000
6.033333,2.470000,-2.320000,1.250000,77.630000,-33.180000,0.160000
6.066667,2.470000,-2.320000,1.250000,79.350000,-34.030000,-1.020000
6.100000,2.480000,-2.320000,1.260000,81.060000,-34.880000,-2.210000
6.133333,2.480000,-2.320000,1.260000,82.780000,-35.720000,-3.390000
6.166667,2.480000,-2.320000,1.260000,84.490000,-36.570000,-4.580000
6.200000,2.480000,-2.320000,1.270000,86.210000,-37.420000,-5.760000
6.233333,2.480000,-2.320000,1.270000,87.930000,-38.270000,-6.950000
6.266667,2.480000,-2.320000,1.270000,89.640000,-39.120000,-8.130000
6.300000,2.480000,-2.330000,1.280000,91.360000,-39.970000,-9.320000
6.333333,2.480000,-2.330000,1.280000,93.080000,-40.810000,-10.500000
6.366667,2.480000,-2.330000,1.280000,94.790000,-41.660000,-11.690000
6.400000,2.490000,-2.330000,1.280000,96.510000,-42.510000,-12.880000
6.433333,2.490000,-2.330000,1.290000,98.220000,-43.360000,-14.060000
6.466667,2.490000,-2.330000,1.290000,99.940000,-44.210000,-15.250000
6.500000,2.490000,-2.330000,1.290000,101.660000,-45.060000,-16.430000
6.533333,2.490000,-2.330000,1.300000,103.370000,-45.900000,-17.620000
6.566667,2.490000,-2.330000,1.300000,105.090000,-46.750000,-18.800000
6.600000,2.490000,-2.340000,1.300000,106.800000,-47.600000,-19.990000
6.633333,2.490000,-2.340000,1.310000,108.520000,-48.450000,-21.170000
6.666667,2.500000,-2.340000,1.310000,110.240000,-49.300000,-22.360000
6.700000,2.500000,-2.340000,1.310000,111.950000,-50.150000,-23.540000
6.733333,2.500000,-2.340000,1.310000,110.850000,-48.990000,-24.270000
6.766667,2.500000,-2.340000,1.320000,109.750000,-47.840000,-25.000000
6.800000,2.500000,-2.340000,1.320000,108.650000,-46.690000,-25.740000
6.833333,2.500000,-2.340000,1.320000,107.550000,-45.540000,-26.470000
6.866667,2.500000,-2.340000,1.330000,106.460000,-44.390000,-27.200000
6.900000,2.500000,-2.350000,1.330000,105.360000,-43.240000,-27.930000
6.933333,2.510000,-2.350000,1.330000,104.260000,-42.090000,-28.660000
6.966667,2.510000,-2.350000,1.340000,103.160000,-40.940000,-29.390000
7.000000,2.520000,-2.350000,1.340000,102.060000,-39.790000,-30.120000
7.033333,2.530000,-2.340000,1.340000,100.960000,-38.640000,-30.850000
7.066667,2.540000,-2.340000,1.350000,99.860000,-37.490000,-31.580000
7.100000,2.540000,-2.340000,1.350000,98.760000,-36.340000,-32.310000
7.133333,2.550000,-2.340000,1.360000,97.660000,-35.180000,-33.040000
7.166667,2.560000,-2.340000,1.360000,97.800000,-35.070000,-33.030000
7.200000,2.570000,-2.340000,1.360000,97.940000,-34.960000,-33.020000
7.233333,2.570000,-2.340000,1.370000,98.090000,-34.850000,-33.000000
7.266667,2.580000,-2.340000,1.370000,98.230000,-34.740000,-32.990000
7.300000,2.590000,-2.340000,1.380000,98.370000,-34.630000,-32.980000
7.333333,2.600000,-2.340000,1.380000,98.510000,-34.520000,-32.970000
7.366667,2.600000,-2.340000,1.380000,98.660000,-34.410000,-32.950000
7.400000,2.610000,-2.340000,1.390000,98.800000,-34.300000,-32.940000
7.433333,2.620000,-2.330000,1.390000,98.940000,-34.190000,-32.930000
7.466667,2.630000,-2.330000,1.390000,99.080000,-34.080000,-32.920000
7.500000,2.630000,-2.330000,1.400000,99.230000,-33.970000,-32.900000
7.533333,2.640000,-2.330000,1.400000,99.370000,-33.860000,-32.890000
7.566667,2.650000,-2.330000,1.410000,99.510000,-33.750000,-32.880000
7.600000,2.660000,-2.330000,1.410000,99.470000,-32.670000,-32.950000
7.633333,2.660000,-2.330000,1.410000,99.420000,-31.580000,-33.020000
7.666667,2.670000,-2.330000,1.420000,98.100000,-30.830000,-33.840000
7.700000,2.680000,-2.330000,1.420000,96.770000,-30.080000,-34.660000
7.733333,2.690000,-2.330000,1.420000,96.200000,-27.980000,-34.570000
7.766667,2.690000,-2.330000,1.430000,95.620000,-25.870000,-34.480000
7.800000,2.700000,-2.330000,1.430000,95.050000,-23.760000,-34.400000
7.833333,2.710000,-2.320000,1.440000,94.480000,-21.650000,-34.310000
7.866667,2.700000,-2.320000,1.430000,93.910000,-19.540000,-34.220000
7.900000,2.690000,-2.320000,1.430000,93.330000,-17.430000,-34.130000
7.933333,2.670000,-2.310000,1.420000,93.500000,-16.650000,-33.170000
7.966667,2.660000,-2.310000,1.420000,93.660000,-15.860000,-32.200000
8.000000,2.650000,-2.310000,1.410000,93.830000,-15.080000,-31.230000
8.033333,2.640000,-2.310000,1.410000,93.990000,-14.300000,-30.270000
8.066667,2.630000,-2.300000,1.400000,94.150000,-13.510000,-29.300000
8.100000,2.620000,-2.300000,1.400000,94.320000,-12.730000,-28.330000
8.133333,2.610000,-2.300000,1.390000,94.480000,-11.950000,-27.370000
8.166667,2.600000,-2.290000,1.390000,94.650000,-11.160000,-26.400000
8.200000,2.580000,-2.290000,1.380000,94.930000,-11.270000,-26.670000
8.233333,2.570000,-2.290000,1.380000,95.210000,-11.390000,-26.930000
8.266667,2.560000,-2.280000,1.370000,95.490000,-11.500000,-27.190000
8.300000,2.550000,-2.280000,1.370000,95.770000,-11.610000,-27.460000
8.333333,2.540000,-2.280000,1.360000,96.050000,-11.720000,-27.720000
8.366667,2.530000,-2.270000,1.360000,96.330000,-11.840000,-27.990000
8.400000,2.520000,-2.270000,1.350000,96.610000,-11.950000,-28.250000
8.433333,2.510000,-2.270000,1.350000,96.890000,-12.060000,-28.520000
8.466667,2.490000,-2.260000,1.340000,97.170000,-12.170000,-28.780000
8.500000,2.480000,-2.260000,1.340000,97.450000,-12.290000,-29.050000
8.533333,2.470000,-2.260000,1.330000,97.730000,-12.400000,-29.310000
8.566667,2.460000,-2.250000,1.330000,98.010000,-12.510000,-29.580000
8.600000,2.450000,-2.250000,1.320000,98.290000,-12.620000,-29.840000
8.633333,2.440000,-2.250000,1.320000,98.570000,-12.740000,-30.110000
8.666667,2.430000,-2.250000,1.310000,98.850000,-12.850000,-30.370000
8.700000,2.420000,-2.240000,1.310000,99.130000,-12.960000,-30.640000
8.733333,2.400000,-2.240000,1.300000,99.410000,-13.070000,-30.900000
8.766667,2.390000,-2.240000,1.300000,99.690000,-13.190000,-31.170000
8.800000,2.390000,-2.240000,1.290000,99.970000,-13.300000,-31.430000
8.833333,2.390000,-2.250000,1.280000,100.250000,-13.410000,-31.690000
8.866667,2.380000,-2.250000,1.280000,100.530000,-13.520000,-31.960000
8.900000,2.380000,-2.260000,1.270000,100.810000,-13.640000,-32.220000
8.933333,2.380000,-2.260000,1.260000,101.520000,-15.030000,-31.150000
8.966667,2.380000,-2.270000,1.260000,102.230000,-16.430000,-30.080000
9.000000,2.370000,-2.280000,1.250000,102.930000,-17.830000,-29.010000
9.033333,2.370000,-2.280000,1.240000,103.640000,-19.220000,-27.930000
9.066667,2.370000,-2.290000,1.230000,104.350000,-20.620000,-26.860000
9.100000,2.370000,-2.290000,1.230000,105.060000,-22.020000,-25.790000
9.133333,2.360000,-2.300000,1.220000,105.770000,-23.420000,-24.720000
9.166667,2.360000,-2.310000,1.210000,106.470000,-24.810000,-23.640000
9.200000,2.360000,-2.310000,1.210000,107.180000,-26.210000,-22.570000
9.233333,2.360000,-2.320000,1.200000,107.890000,-27.610000,-21.500000
9.266667,2.350000,-2.320000,1.190000,108.600000,-29.000000,-20.430000
9.300000,2.350000,-2.330000,1.180000,109.310000,-30.400000,-19.350000
9.333333,2.350000,-2.330000,1.180000,110.010000,-31.800000,-18.280000
9.366667,2.350000,-2.330000,1.180000,110.720000,-33.200000,-17.210000
9.400000,2.360000,-2.330000,1.180000,111.430000,-34.590000,-16.140000
9.433333,2.360000,-2.330000,1.180000,112.140000,-35.990000,-15.070000
9.466667,2.360000,-2.330000,1.190000,112.850000,-37.390000,-13.990000
9.500000,2.370000,-2.330000,1.190000,113.550000,-38.780000,-12.920000
9.533333,2.370000,-2.330000,1.190000,114.260000,-40.180000,-11.850000
9.566667,2.380000,-2.330000,1.190000,114.970000,-41.580000,-10.780000
9.600000,2.380000,-2.330000,1.200000,115.680000,-42.980000,-9.700000
9.633333,2.380000,-2.330000,1.200000,116.390000,-44.370000,-8.630000
9.666667,2.390000,-2.330000,1.200000,117.090000,-45.770000,-7.560000
9.700000,2.400000,-2.330000,1.190000,117.800000,-47.170000,-6.490000
9.733333,2.410000,-2.330000,1.190000,118.510000,-48.560000,-5.410000
9.766667,2.420000,-2.330000,1.190000,119.220000,-49.960000,-4.340000
9.800000,2.430000,-2.330000,1.190000,119.930000,-51.360000,-3.270000
9.833333,2.440000,-2.330000,1.190000,120.630000,-52.760000,-2.200000
9.866667,2.450000,-2.330000,1.180000,121.340000,-54.150000,-1.120000
9.900000,2.460000,-2.320000,1.180000,121.220000,-53.960000,-1.080000
9.933333,2.470000,-2.320000,1.180000,121.100000,-53.770000,-1.040000
9.966667,2.470000,-2.320000,1.180000,120.980000,-53.570000,-0.990000
10.000000,2.480000,-2.320000,1.170000,120.850000,-53.380000,-0.950000
10.033333,2.490000,-2.320000,1.170000,120.730000,-53.180000,-0.900000
10.066667,2.500000,-2.320000,1.170000,120.610000,-52.990000,-0.860000
10.100000,2.510000,-2.320000,1.170000,120.490000,-52.790000,-0.810000
10.133333,2.520000,-2.320000,1.160000,120.360000,-52.600000,-0.770000
10.166667,2.530000,-2.310000,1.160000,120.240000,-52.410000,-0.730000
10.200000,2.540000,-2.310000,1.160000,120.120000,-52.210000,-0.680000
10.233333,2.550000,-2.310000,1.160000,120.000000,-52.020000,-0.640000
10.266667,2.560000,-2.310000,1.150000,119.870000,-51.820000,-0.590000
10.300000,2.570000,-2.310000,1.150000,119.750000,-51.630000,-0.550000
10.333333,2.570000,-2.310000,1.150000,119.630000,-51.440000,-0.500000
10.366667,2.580000,-2.310000,1.150000,119.510000,-51.240000,-0.460000
10.400000,2.590000,-2.310000,1.140000,119.390000,-51.050000,-0.410000
10.433333,2.600000,-2.300000,1.140000,119.260000,-50.850000,-0.370000
10.466667,2.610000,-2.300000,1.140000,119.140000,-50.660000,-0.330000
10.500000,2.620000,-2.300000,1.140000,119.020000,-50.460000,-0.280000
10.533333,2.630000,-2.300000,1.140000,118.900000,-50.270000,-0.240000
10.566667,2.640000,-2.300000,1.130000,118.770000,-50.080000,-0.190000
10.600000,2.650000,-2.300000,1.130000,118.650000,-49.880000,-0.150000
10.633333,2.660000,-2.300000,1.130000,118.530000,-49.690000,-0.100000
10.666667,2.670000,-2.300000,1.130000,118.410000,-49.490000,-0.060000
10.700000,2.670000,-2.300000,1.140000,117.750000,-49.500000,-0.320000
10.733333,2.680000,-2.300000,1.150000,117.100000,-49.510000,-0.580000
10.766667,2.690000,-2.310000,1.170000,116.440000,-49.510000,-0.850000
10.800000,2.690000,-2.310000,1.180000,115.790000,-49.520000,-1.110000
10.833333,2.700000,-2.310000,1.200000,115.130000,-49.520000,-1.370000
10.866667,2.710000,-2.310000,1.210000,114.470000,-49.530000,-1.630000
10.900000,2.710000,-2.320000,1.220000,113.820000,-49.540000,-1.900000
10.933333,2.720000,-2.320000,1.240000,113.160000,-49.540000,-2.160000
10.966667,2.730000,-2.320000,1.250000,112.510000,-49.550000,-2.420000
11.000000,2.730000,-2.330000,1.270000,111.850000,-49.550000,-2.680000
11.033333,2.740000,-2.330000,1.280000,111.200000,-49.560000,-2.940000
11.066667,2.750000,-2.330000,1.290000,110.540000,-49.570000,-3.210000
11.100000,2.760000,-2.340000,1.310000,109.890000,-49.570000,-3.470000
11.133333,2.760000,-2.340000,1.320000,109.230000,-49.580000,-3.730000
11.166667,2.760000,-2.340000,1.320000,108.570000,-49.580000,-3.990000
11.200000,2.750000,-2.340000,1.330000,107.920000,-49.590000,-4.260000
11.233333,2.750000,-2.340000,1.330000,107.260000,-49.600000,-4.520000
11.266667,2.750000,-2.340000,1.320000,106.610000,-49.600000,-4.780000
11.300000,2.750000,-2.340000,1.310000,105.950000,-49.610000,-5.040000
11.333333,2.760000,-2.350000,1.300000,104.710000,-50.400000,-4.070000
11.366667,2.760000,-2.350000,1.290000,103.470000,-51.180000,-3.100000
11.400000,2.760000,-2.350000,1.280000,102.230000,-51.970000,-2.130000
11.433333,2.770000,-2.350000,1.270000,100.990000,-52.760000,-1.150000
11.466667,2.770000,-2.360000,1.260000,99.750000,-53.550000,-0.180000
11.500000,2.780000,-2.360000,1.250000,98.510000,-54.330000,0.790000
11.533333,2.780000,-2.360000,1.240000,97.270000,-55.120000,1.760000
11.566667,2.780000,-2.360000,1.230000,96.030000,-55.910000,2.730000
11.600000,2.790000,-2.370000,1.220000,94.790000,-56.700000,3.710000
11.633333,2.790000,-2.370000,1.210000,93.550000,-57.490000,4.680000
11.666667,2.800000,-2.370000,1.200000,92.310000,-58.270000,5.650000
11.700000,2.800000,-2.370000,1.190000,91.070000,-59.060000,6.620000
11.733333,2.800000,-2.380000,1.180000,89.830000,-59.850000,7.600000
11.766667,2.810000,-2.380000,1.170000,88.590000,-60.640000,8.570000
11.800000,2.810000,-2.380000,1.160000,87.350000,-61.430000,9.540000
11.833333,2.810000,-2.380000,1.150000,86.110000,-62.210000,10.510000
11.866667,2.820000,-2.390000,1.140000,84.870000,-63.000000,11.480000
11.900000,2.820000,-2.390000,1.130000,83.630000,-63.790000,12.460000
11.933333,2.820000,-2.390000,1.130000,82.390000,-64.580000,13.430000
11.966667,2.820000,-2.390000,1.140000,81.150000,-65.370000,14.400000
12.000000,2.830000,-2.390000,1.140000,79.910000,-66.150000,15.370000
12.033333,2.830000,-2.390000,1.150000,78.670000,-66.940000,16.340000
12.066667,2.830000,-2.390000,1.150000,77.430000,-67.730000,17.320000
12.100000,2.830000,-2.390000,1.150000,76.190000,-68.520000,18.290000
12.133333,2.830000,-2.390000,1.160000,74.950000,-69.310000,19.260000
12.166667,2.830000,-2.390000,1.160000,73.710000,-70.090000,20.230000
12.200000,2.830000,-2.390000,1.170000,72.470000,-70.880000,21.200000
12.233333,2.830000,-2.390000,1.170000,71.230000,-71.670000,22.180000
12.266667,2.830000,-2.390000,1.180000,69.990000,-72.460000,23.150000
12.300000,2.840000,-2.390000,1.180000,69.050000,-71.850000,21.180000
12.333333,2.840000,-2.390000,1.180000,68.110000,-71.250000,19.210000
12.366667,2.840000,-2.390000,1.190000,67.170000,-70.650000,17.250000
12.400000,2.840000,-2.390000,1.190000,66.220000,-70.050000,15.280000
12.433333,2.840000,-2.390000,1.200000,65.280000,-69.440000,13.310000
12.466667,2.840000,-2.390000,1.200000,64.340000,-68.840000,11.340000
12.500000,2.840000,-2.390000,1.210000,63.400000,-68.240000,9.370000
12.533333,2.840000,-2.390000,1.210000,62.460000,-67.630000,7.410000
12.566667,2.850000,-2.390000,1.210000,61.520000,-67.030000,5.440000
12.600000,2.850000,-2.390000,1.220000,60.580000,-66.430000,3.470000
12.633333,2.850000,-2.390000,1.220000,59.640000,-65.830000,1.500000
12.666667,2.850000,-2.390000,1.230000,58.700000,-65.220000,-0.470000
12.700000,2.850000,-2.390000,1.230000,57.760000,-64.620000,-2.430000
12.733333,2.850000,-2.390000,1.240000,56.820000,-64.020000,-4.400000
12.766667,2.850000,-2.390000,1.240000,55.880000,-63.410000,-6.370000
12.800000,2.850000,-2.390000,1.240000,54.940000,-62.810000,-8.340000
12.833333,2.850000,-2.390000,1.250000,53.990000,-62.210000,-10.300000
12.866667,2.850000,-2.390000,1.250000,53.050000,-61.610000,-12.270000
12.900000,2.850000,-2.390000,1.250000,52.110000,-61.000000,-14.240000
12.933333,2.850000,-2.390000,1.260000,51.170000,-60.400000,-16.210000
12.966667,2.850000,-2.390000,1.270000,50.230000,-59.800000,-18.180000
13.000000,2.850000,-2.390000,1.280000,49.290000,-59.190000,-20.140000
13.033333,2.840000,-2.390000,1.280000,48.350000,-58.590000,-22.110000
13.066667,2.840000,-2.390000,1.290000,47.410000,-57.990000,-24.080000
13.100000,2.840000,-2.390000,1.300000,46.470000,-57.390000,-26.050000
13.133333,2.840000,-2.390000,1.310000,45.530000,-56.780000,-28.020000
13.166667,2.840000,-2.390000,1.320000,44.590000,-56.180000,-29.980000
13.200000,2.840000,-2.390000,1.330000,44.760000,-55.010000,-28.720000
13.233333,2.840000,-2.390000,1.340000,44.940000,-53.840000,-27.460000
13.266667,2.840000,-2.390000,1.350000,45.110000,-52.670000,-26.200000
13.300000,2.840000,-2.390000,1.350000,45.290000,-51.510000,-24.940000
13.333333,2.830000,-2.390000,1.360000,45.460000,-50.340000,-23.680000
13.366667,2.830000,-2.390000,1.370000,45.640000,-49.170000,-22.420000
13.400000,2.830000,-2.390000,1.380000,45.810000,-48.000000,-21.160000
13.433333,2.830000,-2.390000,1.390000,45.990000,-46.830000,-19.900000
13.466667,2.830000,-2.390000,1.400000,46.160000,-45.660000,-18.640000
13.500000,2.830000,-2.390000,1.410000,46.340000,-44.490000,-17.380000
13.533333,2.830000,-2.390000,1.420000,47.110000,-43.130000,-17.280000
13.566667,2.830000,-2.390000,1.420000,47.890000,-41.760000,-17.180000
13.600000,2.830000,-2.390000,1.430000,48.660000,-40.400000,-17.080000
13.633333,2.820000,-2.390000,1.440000,49.440000,-39.030000,-16.980000
13.666667,2.820000,-2.390000,1.450000,50.210000,-37.670000,-16.880000
13.700000,2.820000,-2.390000,1.460000,50.980000,-36.300000,-16.780000
13.733333,2.830000,-2.390000,1.460000,51.760000,-34.940000,-16.680000
13.766667,2.830000,-2.380000,1.470000,52.530000,-33.570000,-16.580000
13.800000,2.830000,-2.370000,1.470000,53.310000,-32.210000,-16.480000
13.833333,2.840000,-2.370000,1.480000,51.640000,-30.760000,-16.680000
13.866667,2.840000,-2.360000,1.480000,51.200000,-29.590000,-18.130000
13.900000,2.840000,-2.350000,1.490000,50.770000,-28.420000,-19.580000
13.933333,2.850000,-2.350000,1.490000,50.340000,-27.250000,-21.030000
13.966667,2.850000,-2.340000,1.500000,49.910000,-26.080000,-22.490000
14.000000,2.850000,-2.340000,1.500000,49.470000,-24.920000,-23.940000
14.033333,2.860000,-2.330000,1.510000,49.040000,-23.750000,-25.390000
14.066667,2.860000,-2.320000,1.510000,48.610000,-22.580000,-26.840000
14.100000,2.860000,-2.320000,1.520000,48.180000,-21.410000,-28.290000
14.133333,2.870000,-2.310000,1.520000,47.740000,-20.240000,-29.740000
14.166667,2.870000,-2.300000,1.520000,47.310000,-19.080000,-31.190000
14.200000,2.870000,-2.300000,1.530000,46.880000,-17.910000,-32.640000
14.233333,2.880000,-2.290000,1.530000,46.450000,-16.740000,-34.100000
14.266667,2.870000,-2.290000,1.530000,46.010000,-15.570000,-35.550000
14.300000,2.870000,-2.290000,1.530000,45.580000,-14.410000,-37.000000
14.333333,2.870000,-2.300000,1.520000,45.150000,-13.240000,-38.450000
14.366667,2.870000,-2.300000,1.520000,44.710000,-12.070000,-39.900000
14.400000,2.860000,-2.300000,1.510000,44.280000,-10.900000,-41.350000
14.433333,2.860000,-2.300000,1.510000,43.850000,-9.730000,-42.800000
14.466667,2.860000,-2.300000,1.500000,43.420000,-8.570000,-44.250000
14.500000,2.850000,-2.310000,1.500000,42.980000,-7.400000,-45.700000
14.533333,2.850000,-2.310000,1.500000,42.550000,-6.230000,-47.160000
14.566667,2.850000,-2.310000,1.490000,42.120000,-5.060000,-48.610000
14.600000,2.840000,-2.310000,1.490000,41.690000,-3.890000,-50.060000
14.633333,2.840000,-2.310000,1.480000,41.250000,-2.730000,-51.510000
14.666667,2.840000,-2.320000,1.480000,42.540000,-2.940000,-51.880000
14.700000,2.840000,-2.320000,1.480000,43.830000,-3.150000,-52.250000
14.733333,2.830000,-2.320000,1.470000,45.110000,-3.360000,-52.620000
14.766667,2.830000,-2.320000,1.470000,46.400000,-3.570000,-52.990000
14.800000,2.830000,-2.320000,1.460000,47.690000,-3.790000,-53.370000
14.833333,2.820000,-2.330000,1.460000,48.250000,-4.130000,-53.410000
14.866667,2.820000,-2.330000,1.460000,48.820000,-4.460000,-53.460000
14.900000,2.820000,-2.330000,1.460000,49.380000,-4.800000,-53.510000
14.933333,2.820000,-2.330000,1.450000,49.940000,-5.140000,-53.560000
14.966667,2.810000,-2.330000,1.450000,50.510000,-5.480000,-53.610000
15.000000,2.810000,-2.330000,1.450000,51.070000,-5.820000,-53.660000
15.033333,2.800000,-2.340000,1.440000,51.640000,-6.160000,-53.710000
15.066667,2.800000,-2.340000,1.440000,52.200000,-6.500000,-53.750000
15.100000,2.790000,-2.340000,1.440000,52.770000,-6.840000,-53.800000
15.133333,2.790000,-2.340000,1.430000,53.330000,-7.180000,-53.850000
15.166667,2.790000,-2.340000,1.430000,53.890000,-7.520000,-53.900000
15.200000,2.780000,-2.340000,1.430000,54.460000,-7.860000,-53.950000
15.233333,2.780000,-2.340000,1.420000,55.020000,-8.190000,-54.000000
15.266667,2.770000,-2.350000,1.420000,55.590000,-8.530000,-54.040000
15.300000,2.770000,-2.350000,1.420000,56.150000,-8.870000,-54.090000
15.333333,2.760000,-2.350000,1.410000,56.720000,-9.210000,-54.140000
15.366667,2.760000,-2.350000,1.410000,57.280000,-9.550000,-54.190000
15.400000,2.760000,-2.350000,1.410000,57.850000,-9.890000,-54.240000
15.433333,2.750000,-2.350000,1.400000,58.410000,-10.230000,-54.290000
15.466667,2.750000,-2.350000,1.400000,58.970000,-10.570000,-54.330000
15.500000,2.740000,-2.360000,1.400000,59.540000,-10.910000,-54.380000
15.533333,2.740000,-2.360000,1.390000,60.100000,-11.250000,-54.430000
15.566667,2.730000,-2.360000,1.390000,60.670000,-11.590000,-54.480000
15.600000,2.730000,-2.360000,1.380000,61.230000,-11.920000,-54.530000
15.633333,2.730000,-2.360000,1.380000,61.800000,-12.260000,-54.580000
15.666667,2.720000,-2.360000,1.380000,62.360000,-12.600000,-54.630000
15.700000,2.720000,-2.360000,1.370000,62.460000,-13.560000,-54.170000
15.733333,2.710000,-2.370000,1.370000,62.560000,-14.520000,-53.720000
15.766667,2.710000,-2.370000,1.370000,62.660000,-15.480000,-53.270000
15.800000,2.700000,-2.370000,1.360000,62.760000,-16.440000,-52.820000
15.833333,2.700000,-2.370000,1.360000,62.860000,-17.400000,-52.370000
15.866667,2.710000,-2.370000,1.370000,62.960000,-18.350000,-51.920000
15.900000,2.710000,-2.370000,1.370000,63.060000,-19.310000,-51.470000
15.933333,2.720000,-2.370000,1.380000,63.160000,-20.270000,-51.020000
15.966667,2.720000,-2.370000,1.380000,63.260000,-21.230000,-50.560000
16.000000,2.730000,-2.370000,1.390000,63.360000,-22.190000,-50.110000
16.033333,2.740000,-2.370000,1.400000,63.460000,-23.150000,-49.660000
16.066667,2.740000,-2.370000,1.400000,63.570000,-24.110000,-49.210000
16.100000,2.750000,-2.370000,1.410000,63.670000,-25.060000,-48.760000
16.133333,2.750000,-2.360000,1.410000,63.770000,-26.020000,-48.310000
16.166667,2.750000,-2.350000,1.410000,63.870000,-26.980000,-47.860000
16.200000,2.760000,-2.340000,1.400000,63.970000,-27.940000,-47.410000
16.233333,2.760000,-2.330000,1.400000,64.070000,-28.900000,-46.960000
16.266667,2.760000,-2.320000,1.400000,64.170000,-29.860000,-46.500000
16.300000,2.760000,-2.310000,1.400000,64.270000,-30.820000,-46.050000
16.333333,2.760000,-2.310000,1.400000,64.370000,-31.770000,-45.600000
16.366667,2.750000,-2.310000,1.390000,64.470000,-32.730000,-45.150000
16.400000,2.740000,-2.310000,1.390000,64.570000,-33.690000,-44.700000
16.433333,2.730000,-2.300000,1.390000,64.670000,-34.650000,-44.250000
16.466667,2.730000,-2.300000,1.380000,66.260000,-34.860000,-43.030000
16.500000,2.720000,-2.300000,1.380000,67.850000,-35.070000,-41.810000
16.533333,2.710000,-2.300000,1.380000,69.440000,-35.290000,-40.590000
16.566667,2.700000,-2.290000,1.370000,71.030000,-35.500000,-39.370000
16.600000,2.700000,-2.290000,1.370000,72.620000,-35.710000,-38.150000
16.633333,2.690000,-2.290000,1.370000,74.210000,-35.920000,-36.930000
16.666667,2.680000,-2.290000,1.360000,73.740000,-36.330000,-37.320000
16.700000,2.670000,-2.280000,1.360000,73.270000,-36.750000,-37.710000
16.733333,2.670000,-2.280000,1.360000,72.800000,-37.160000,-38.100000
16.766667,2.660000,-2.280000,1.350000,72.330000,-37.570000,-38.490000
16.800000,2.650000,-2.280000,1.350000,71.860000,-37.980000,-38.880000
16.833333,2.640000,-2.270000,1.350000,71.390000,-38.390000,-39.270000
16.866667,2.640000,-2.270000,1.340000,70.920000,-38.800000,-39.660000
16.900000,2.630000,-2.270000,1.340000,70.450000,-39.210000,-40.050000
16.933333,2.620000,-2.270000,1.340000,69.980000,-39.620000,-40.440000
16.966667,2.610000,-2.260000,1.340000,69.510000,-40.030000,-40.830000
17.000000,2.610000,-2.260000,1.330000,69.040000,-40.440000,-41.220000
17.033333,2.600000,-2.260000,1.330000,68.580000,-40.850000,-41.610000
17.066667,2.590000,-2.260000,1.330000,68.110000,-41.260000,-42.000000
17.100000,2.580000,-2.250000,1.320000,67.640000,-41.670000,-42.390000
17.133333,2.580000,-2.250000,1.320000,67.170000,-42.080000,-42.780000
17.166667,2.570000,-2.250000,1.320000,66.700000,-42.490000,-43.170000
17.200000,2.560000,-2.250000,1.310000,66.230000,-42.900000,-43.560000
17.233333,2.550000,-2.240000,1.310000,65.760000,-43.310000,-43.960000
17.266667,2.550000,-2.240000,1.320000,65.290000,-43.720000,-44.350000
17.300000,2.540000,-2.240000,1.330000,64.820000,-44.130000,-44.740000
17.333333,2.530000,-2.240000,1.340000,64.350000,-44.540000,-45.130000
17.366667,2.520000,-2.240000,1.350000,64.780000,-43.660000,-45.520000
17.400000,2.510000,-2.240000,1.360000,65.220000,-42.770000,-45.910000
17.433333,2.510000,-2.240000,1.370000,65.650000,-41.890000,-46.300000
17.466667,2.500000,-2.240000,1.380000,66.080000,-41.010000,-46.690000
17.500000,2.490000,-2.240000,1.400000,66.510000,-40.130000,-47.090000
17.533333,2.480000,-2.240000,1.410000,66.950000,-39.240000,-47.480000
17.566667,2.480000,-2.240000,1.420000,67.380000,-38.360000,-47.870000
17.600000,2.470000,-2.240000,1.430000,67.810000,-37.480000,-48.260000
17.633333,2.460000,-2.240000,1.440000,68.250000,-36.600000,-48.650000
17.666667,2.450000,-2.240000,1.450000,68.680000,-35.710000,-49.050000
17.700000,2.450000,-2.230000,1.460000,69.110000,-34.830000,-49.440000
17.733333,2.440000,-2.230000,1.470000,69.540000,-33.950000,-49.830000
17.766667,2.430000,-2.230000,1.480000,69.980000,-33.060000,-50.220000
17.800000,2.420000,-2.230000,1.490000,70.410000,-32.180000,-50.610000
17.833333,2.440000,-2.240000,1.490000,70.840000,-31.300000,-51.010000
17.866667,2.450000,-2.250000,1.490000,71.280000,-30.420000,-51.400000
17.900000,2.460000,-2.260000,1.480000,71.710000,-29.530000,-51.790000
17.933333,2.480000,-2.270000,1.480000,72.140000,-28.650000,-52.180000
17.966667,2.490000,-2.280000,1.480000,72.570000,-27.770000,-52.570000
18.000000,2.500000,-2.290000,1.480000,73.010000,-26.880000,-52.970000
18.033333,2.520000,-2.300000,1.470000,73.440000,-26.000000,-53.360000
18.066667,2.530000,-2.310000,1.470000,73.870000,-25.120000,-53.750000
18.100000,2.540000,-2.310000,1.470000,74.300000,-24.240000,-54.140000
18.133333,2.560000,-2.320000,1.470000,74.740000,-23.350000,-54.530000
18.166667,2.570000,-2.330000,1.460000,75.170000,-22.470000,-54.930000
18.200000,2.590000,-2.340000,1.460000,75.420000,-20.260000,-54.170000
18.233333,2.600000,-2.350000,1.460000,75.670000,-18.060000,-53.410000
18.266667,2.610000,-2.360000,1.450000,75.920000,-15.850000,-52.660000
18.300000,2.630000,-2.370000,1.450000,76.170000,-13.640000,-51.900000
18.333333,2.640000,-2.370000,1.450000,76.410000,-11.440000,-51.150000
18.366667,2.650000,-2.370000,1.440000,76.660000,-9.230000,-50.390000
18.400000,2.660000,-2.370000,1.440000,76.910000,-7.020000,-49.640000
18.433333,2.680000,-2.370000,1.440000,76.300000,-7.110000,-48.710000
18.466667,2.690000,-2.370000,1.430000,75.690000,-7.190000,-47.780000
18.500000,2.700000,-2.370000,1.430000,75.080000,-7.270000,-46.850000
18.533333,2.710000,-2.360000,1.420000,74.470000,-7.360000,-45.920000
18.566667,2.730000,-2.360000,1.420000,73.850000,-7.440000,-44.990000
18.600000,2.740000,-2.360000,1.410000,73.240000,-7.520000,-44.060000
18.633333,2.750000,-2.360000,1.410000,72.630000,-7.610000,-43.130000
18.666667,2.770000,-2.360000,1.410000,72.020000,-7.690000,-42.200000
18.700000,2.780000,-2.360000,1.400000,71.410000,-7.770000,-41.270000
18.733333,2.790000,-2.360000,1.400000,70.800000,-7.860000,-40.340000
18.766667,2.800000,-2.360000,1.390000,70.190000,-7.940000,-39.410000
18.800000,2.820000,-2.360000,1.390000,69.580000,-8.030000,-38.490000
18.833333,2.830000,-2.360000,1.380000,70.590000,-7.580000,-37.660000
18.866667,2.840000,-2.360000,1.380000,71.610000,-7.140000,-36.830000
18.900000,2.850000,-2.360000,1.380000,72.630000,-6.690000,-36.010000
18.933333,2.870000,-2.360000,1.370000,73.090000,-6.710000,-35.240000
18.966667,2.880000,-2.350000,1.370000,73.550000,-6.740000,-34.470000
19.000000,2.890000,-2.350000,1.360000,74.020000,-6.760000,-33.700000
19.033333,2.910000,-2.350000,1.360000,74.480000,-6.790000,-32.940000
19.066667,2.920000,-2.350000,1.360000,74.940000,-6.810000,-32.170000
19.100000,2.900000,-2.350000,1.350000,75.400000,-6.840000,-31.400000
19.133333,2.890000,-2.360000,1.340000,75.860000,-6.860000,-30.630000
19.166667,2.880000,-2.360000,1.340000,76.320000,-6.890000,-29.870000
19.200000,2.860000,-2.360000,1.330000,76.780000,-6.910000,-29.100000
19.233333,2.850000,-2.360000,1.330000,77.240000,-6.930000,-28.330000
19.266667,2.840000,-2.360000,1.320000,77.700000,-6.960000,-27.560000
19.300000,2.820000,-2.370000,1.310000,78.160000,-6.980000,-26.800000
19.333333,2.810000,-2.370000,1.310000,78.630000,-7.010000,-26.030000
19.366667,2.800000,-2.370000,1.300000,79.090000,-7.030000,-25.260000
19.400000,2.780000,-2.370000,1.300000,79.550000,-7.060000,-24.490000
19.433333,2.770000,-2.370000,1.290000,80.010000,-7.080000,-23.730000
19.466667,2.760000,-2.370000,1.280000,80.470000,-7.110000,-22.960000
19.500000,2.740000,-2.380000,1.280000,80.930000,-7.130000,-22.190000
19.533333,2.730000,-2.380000,1.270000,81.390000,-7.160000,-21.420000
19.566667,2.710000,-2.380000,1.270000,82.590000,-7.080000,-22.160000
19.600000,2.700000,-2.380000,1.260000,83.800000,-7.000000,-22.900000
19.633333,2.690000,-2.380000,1.250000,85.000000,-6.920000,-23.640000
19.666667,2.670000,-2.380000,1.250000,86.200000,-6.840000,-24.370000
19.700000,2.660000,-2.380000,1.250000,87.410000,-6.770000,-25.110000
19.733333,2.650000,-2.380000,1.250000,88.610000,-6.690000,-25.850000
19.766667,2.630000,-2.380000,1.240000,89.810000,-6.610000,-26.590000
19.800000,2.620000,-2.380000,1.240000,91.020000,-6.530000,-27.330000
19.833333,2.600000,-2.380000,1.240000,92.220000,-6.450000,-28.060000
19.866667,2.590000,-2.380000,1.240000,93.420000,-6.380000,-28.800000
19.900000,2.580000,-2.380000,1.230000,94.630000,-6.300000,-29.540000
19.933333,2.560000,-2.380000,1.230000,95.830000,-6.220000,-30.280000
19.966667,2.550000,-2.380000,1.230000,97.030000,-6.140000,-31.010000
20.000000,2.530000,-2.380000,1.230000,98.240000,-6.060000,-31.750000
20.033333,2.520000,-2.380000,1.230000,99.440000,-5.990000,-32.490000
20.066667,2.510000,-2.380000,1.220000,100.640000,-5.910000,-33.230000
20.100000,2.490000,-2.380000,1.220000,101.850000,-5.830000,-33.960000
20.133333,2.480000,-2.380000,1.220000,103.050000,-5.750000,-34.700000
20.166667,2.460000,-2.380000,1.220000,104.250000,-5.680000,-35.440000
20.200000,2.450000,-2.380000,1.210000,105.460000,-5.600000,-36.180000
20.233333,2.440000,-2.380000,1.210000,106.660000,-5.520000,-36.920000
20.266667,2.420000,-2.380000,1.210000,107.860000,-5.440000,-37.650000
20.300000,2.410000,-2.380000,1.210000,109.070000,-5.360000,-38.390000
20.333333,2.390000,-2.380000,1.200000,110.270000,-5.290000,-39.130000
20.366667,2.380000,-2.380000,1.200000,111.470000,-5.210000,-39.870000
20.400000,2.370000,-2.380000,1.200000,111.560000,-5.110000,-39.460000
20.433333,2.350000,-2.380000,1.200000,111.650000,-5.010000,-39.060000
20.466667,2.340000,-2.380000,1.190000,111.730000,-4.910000,-38.660000
20.500000,2.350000,-2.380000,1.200000,111.820000,-4.810000,-38.250000
20.533333,2.360000,-2.370000,1.200000,111.910000,-4.710000,-37.850000
20.566667,2.370000,-2.370000,1.210000,111.990000,-4.610000,-37.450000
20.600000,2.380000,-2.360000,1.220000,112.080000,-4.510000,-37.040000
20.633333,2.380000,-2.360000,1.220000,112.160000,-4.410000,-36.640000
20.666667,2.380000,-2.360000,1.220000,112.250000,-4.310000,-36.240000
20.700000,2.380000,-2.350000,1.220000,112.600000,-3.490000,-35.870000
20.733333,2.380000,-2.340000,1.220000,112.950000,-2.670000,-35.500000
20.766667,2.380000,-2.340000,1.220000,113.300000,-1.840000,-35.130000
20.800000,2.380000,-2.340000,1.220000,113.650000,-1.020000,-34.760000
20.833333,2.380000,-2.340000,1.220000,114.010000,-0.200000,-34.390000
20.866667,2.380000,-2.340000,1.230000,114.360000,0.630000,-34.020000
20.900000,2.380000,-2.330000,1.230000,114.710000,1.450000,-33.650000
20.933333,2.380000,-2.330000,1.230000,115.060000,2.270000,-33.280000
20.966667,2.370000,-2.330000,1.240000,115.410000,3.100000,-32.910000
21.000000,2.370000,-2.330000,1.240000,115.760000,3.920000,-32.540000
21.033333,2.370000,-2.330000,1.240000,116.110000,4.750000,-32.170000
21.066667,2.370000,-2.330000,1.250000,116.460000,5.570000,-31.800000
21.100000,2.370000,-2.330000,1.250000,116.810000,6.390000,-31.430000
21.133333,2.370000,-2.330000,1.250000,117.170000,7.220000,-31.060000
21.166667,2.370000,-2.320000,1.260000,117.520000,8.040000,-30.690000
21.200000,2.360000,-2.320000,1.260000,117.870000,8.860000,-30.320000
21.233333,2.360000,-2.320000,1.260000,118.220000,9.690000,-29.950000
21.266667,2.360000,-2.320000,1.270000,118.570000,10.510000,-29.580000
21.300000,2.360000,-2.320000,1.270000,118.920000,11.340000,-29.220000
21.333333,2.360000,-2.320000,1.270000,119.270000,12.160000,-28.850000
21.366667,2.360000,-2.320000,1.280000,119.620000,12.980000,-28.480000
21.400000,2.360000,-2.310000,1.280000,119.970000,13.810000,-28.110000
21.433333,2.360000,-2.310000,1.280000,120.320000,14.630000,-27.740000
21.466667,2.350000,-2.310000,1.280000,120.680000,15.450000,-27.370000
21.500000,2.360000,-2.310000,1.290000,121.030000,16.280000,-27.000000
21.533333,2.370000,-2.310000,1.290000,121.040000,15.150000,-25.910000
21.566667,2.380000,-2.310000,1.290000,121.050000,14.030000,-24.830000
21.600000,2.380000,-2.310000,1.300000,121.070000,12.910000,-23.740000
21.633333,2.390000,-2.320000,1.310000,121.080000,11.780000,-22.660000
21.666667,2.400000,-2.320000,1.310000,121.100000,10.660000,-21.570000
21.700000,2.400000,-2.320000,1.320000,121.110000,9.540000,-20.490000
21.733333,2.410000,-2.320000,1.330000,121.120000,8.410000,-19.400000
21.766667,2.420000,-2.330000,1.330000,121.140000,7.290000,-18.320000
21.800000,2.420000,-2.330000,1.340000,121.150000,6.170000,-17.230000
21.833333,2.430000,-2.330000,1.350000,121.160000,5.040000,-16.140000
21.866667,2.440000,-2.340000,1.350000,121.180000,3.920000,-15.060000
21.900000,2.440000,-2.340000,1.360000,121.190000,2.800000,-13.970000
21.933333,2.450000,-2.340000,1.370000,121.200000,1.670000,-12.890000
21.966667,2.460000,-2.340000,1.370000,121.220000,0.550000,-11.800000
22.000000,2.460000,-2.350000,1.380000,121.230000,-0.570000,-10.720000
22.033333,2.470000,-2.350000,1.380000,121.250000,-1.700000,-9.630000
22.066667,2.470000,-2.350000,1.390000,121.260000,-2.820000,-8.550000
22.100000,2.480000,-2.350000,1.400000,121.270000,-3.940000,-7.460000
22.133333,2.490000,-2.360000,1.400000,121.290000,-5.070000,-6.380000
22.166667,2.490000,-2.360000,1.410000,121.300000,-6.190000,-5.290000
22.200000,2.500000,-2.360000,1.420000,121.310000,-7.310000,-4.210000
22.233333,2.510000,-2.370000,1.420000,121.330000,-8.440000,-3.120000
22.266667,2.510000,-2.370000,1.430000,121.340000,-9.560000,-2.040000
22.300000,2.520000,-2.370000,1.440000,121.360000,-10.680000,-0.950000
22.333333,2.530000,-2.370000,1.440000,121.370000,-11.810000,0.140000
22.366667,2.530000,-2.380000,1.450000,121.380000,-12.930000,1.220000
22.400000,2.540000,-2.380000,1.460000,121.400000,-14.050000,2.310000
22.433333,2.550000,-2.380000,1.460000,121.410000,-15.180000,3.390000
22.466667,2.550000,-2.390000,1.470000,120.240000,-14.750000,4.080000
22.500000,2.560000,-2.390000,1.480000,119.060000,-14.320000,4.770000
22.533333,2.560000,-2.390000,1.470000,117.890000,-13.890000,5.460000
22.566667,2.560000,-2.390000,1.460000,116.710000,-13.460000,6.150000
22.600000,2.560000,-2.390000,1.450000,115.540000,-13.030000,6.840000
22.633333,2.560000,-2.390000,1.450000,114.360000,-12.600000,7.530000
22.666667,2.560000,-2.390000,1.440000,113.190000,-12.170000,8.220000
22.700000,2.560000,-2.400000,1.430000,112.010000,-11.740000,8.910000
22.733333,2.560000,-2.400000,1.420000,110.840000,-11.300000,9.600000
22.766667,2.560000,-2.400000,1.410000,109.660000,-10.870000,10.290000
22.800000,2.560000,-2.400000,1.410000,109.150000,-10.420000,10.850000
22.833333,2.550000,-2.400000,1.400000,108.630000,-9.970000,11.410000
22.866667,2.550000,-2.400000,1.390000,108.120000,-9.530000,11.980000
22.900000,2.550000,-2.400000,1.380000,107.610000,-9.080000,12.540000
22.933333,2.560000,-2.400000,1.390000,107.090000,-8.630000,13.100000
22.966667,2.570000,-2.410000,1.410000,106.580000,-8.180000,13.660000
23.000000,2.570000,-2.410000,1.420000,106.060000,-7.730000,14.220000
23.033333,2.580000,-2.410000,1.430000,105.550000,-7.280000,14.780000
23.066667,2.580000,-2.410000,1.440000,105.040000,-6.830000,15.340000
23.100000,2.590000,-2.410000,1.460000,104.520000,-6.380000,15.900000
23.133333,2.590000,-2.410000,1.470000,104.010000,-5.930000,16.460000
23.166667,2.600000,-2.420000,1.480000,103.490000,-5.480000,17.020000
23.200000,2.610000,-2.420000,1.490000,102.980000,-5.030000,17.580000
23.233333,2.610000,-2.420000,1.510000,102.470000,-4.580000,18.140000
23.266667,2.620000,-2.420000,1.520000,101.950000,-4.130000,18.700000
23.300000,2.620000,-2.420000,1.530000,101.440000,-3.680000,19.260000
23.333333,2.630000,-2.420000,1.540000,100.930000,-3.230000,19.820000
23.366667,2.630000,-2.430000,1.550000,100.410000,-2.780000,20.390000
23.400000,2.640000,-2.430000,1.570000,99.900000,-2.330000,20.950000
23.433333,2.650000,-2.430000,1.580000,99.380000,-1.880000,21.510000
23.466667,2.650000,-2.430000,1.590000,99.820000,-1.810000,21.680000
23.500000,2.660000,-2.430000,1.600000,100.260000,-1.750000,21.850000
23.533333,2.660000,-2.430000,1.620000,100.700000,-1.690000,22.020000
23.566667,2.670000,-2.440000,1.630000,101.140000,-1.620000,22.190000
23.600000,2.670000,-2.440000,1.640000,101.580000,-1.560000,22.360000
23.633333,2.680000,-2.440000,1.650000,102.020000,-1.500000,22.530000
23.666667,2.690000,-2.440000,1.670000,102.460000,-1.430000,22.700000
23.700000,2.690000,-2.440000,1.680000,102.900000,-1.370000,22.870000
23.733333,2.700000,-2.440000,1.690000,103.340000,-1.310000,23.040000
23.766667,2.700000,-2.450000,1.700000,103.780000,-1.240000,23.210000
23.800000,2.700000,-2.440000,1.700000,104.220000,-1.180000,23.380000
23.833333,2.690000,-2.430000,1.700000,104.660000,-1.120000,23.550000
23.866667,2.690000,-2.430000,1.700000,105.100000,-1.050000,23.720000
23.900000,2.680000,-2.430000,1.690000,105.540000,-0.990000,23.890000
23.933333,2.680000,-2.430000,1.690000,105.980000,-0.920000,24.060000
23.966667,2.680000,-2.430000,1.690000,106.420000,-0.860000,24.230000
24.000000,2.680000,-2.430000,1.680000,106.860000,-0.800000,24.400000
24.033333,2.670000,-2.430000,1.680000,107.300000,-0.730000,24.570000
24.066667,2.670000,-2.430000,1.680000,107.740000,-0.670000,24.740000
24.100000,2.670000,-2.420000,1.680000,108.180000,-0.610000,24.910000
24.133333,2.670000,-2.420000,1.670000,108.620000,-0.540000,25.080000
24.166667,2.660000,-2.420000,1.670000,109.060000,-0.480000,25.250000
24.200000,2.660000,-2.420000,1.670000,109.500000,-0.420000,25.420000
24.233333,2.660000,-2.420000,1.660000,109.940000,-0.350000,25.590000
24.266667,2.650000,-2.410000,1.650000,110.380000,-0.290000,25.760000
24.300000,2.640000,-2.410000,1.650000,110.820000,-0.230000,25.930000
24.333333,2.640000,-2.400000,1.640000,111.260000,-0.160000,26.100000
24.366667,2.630000,-2.400000,1.630000,111.700000,-0.100000,26.270000
24.400000,2.630000,-2.390000,1.620000,112.140000,-0.030000,26.440000
24.433333,2.620000,-2.390000,1.620000,110.740000,1.340000,25.870000
24.466667,2.610000,-2.390000,1.610000,109.330000,2.710000,25.310000
24.500000,2.610000,-2.380000,1.600000,107.930000,4.080000,24.750000
24.533333,2.600000,-2.380000,1.600000,106.530000,5.450000,24.180000
24.566667,2.600000,-2.370000,1.590000,105.120000,6.820000,23.620000
24.600000,2.590000,-2.370000,1.580000,104.810000,7.220000,23.370000
24.633333,2.580000,-2.360000,1.570000,104.500000,7.620000,23.120000
24.666667,2.580000,-2.370000,1.570000,104.190000,8.020000,22.870000
24.700000,2.580000,-2.370000,1.560000,103.880000,8.420000,22.620000
24.733333,2.580000,-2.370000,1.560000,103.580000,8.820000,22.370000
24.766667,2.580000,-2.370000,1.550000,103.270000,9.220000,22.120000
24.800000,2.580000,-2.370000,1.540000,102.960000,9.620000,21.870000
24.833333,2.580000,-2.370000,1.530000,102.650000,10.020000,21.610000
24.866667,2.580000,-2.370000,1.530000,102.340000,10.420000,21.360000
24.900000,2.580000,-2.370000,1.520000,101.990000,10.550000,21.500000
24.933333,2.580000,-2.370000,1.510000,101.650000,10.690000,21.640000
24.966667,2.580000,-2.370000,1.500000,101.310000,10.820000,21.780000
25.000000,2.580000,-2.370000,1.500000,100.960000,10.960000,21.920000
25.033333,2.580000,-2.370000,1.490000,100.620000,11.090000,22.050000
25.066667,2.590000,-2.370000,1.480000,100.280000,11.220000,22.190000
25.100000,2.600000,-2.370000,1.470000,99.930000,11.360000,22.330000
25.133333,2.610000,-2.380000,1.460000,99.590000,11.490000,22.470000
25.166667,2.620000,-2.380000,1.460000,99.250000,11.620000,22.610000
25.200000,2.630000,-2.380000,1.450000,98.900000,11.760000,22.740000
25.233333,2.640000,-2.380000,1.440000,98.560000,11.890000,22.880000
25.266667,2.660000,-2.380000,1.430000,98.220000,12.030000,23.020000
25.300000,2.670000,-2.380000,1.420000,97.870000,12.160000,23.160000
25.333333,2.680000,-2.380000,1.420000,97.530000,12.290000,23.290000
25.366667,2.690000,-2.380000,1.410000,97.190000,12.430000,23.430000
25.400000,2.700000,-2.380000,1.410000,96.840000,12.560000,23.570000
25.433333,2.710000,-2.380000,1.420000,96.500000,12.690000,23.710000
25.466667,2.720000,-2.380000,1.430000,96.160000,12.830000,23.850000
25.500000,2.730000,-2.380000,1.440000,95.810000,12.960000,23.980000
25.533333,2.750000,-2.380000,1.440000,95.470000,13.100000,24.120000
25.566667,2.760000,-2.380000,1.450000,95.990000,13.530000,23.080000
25.600000,2.770000,-2.380000,1.460000,96.510000,13.960000,22.050000
25.633333,2.780000,-2.380000,1.460000,97.040000,14.390000,21.010000
25.666667,2.770000,-2.370000,1.460000,97.560000,14.820000,19.970000
25.700000,2.760000,-2.370000,1.460000,98.080000,15.250000,18.940000
25.733333,2.760000,-2.360000,1.440000,98.600000,15.680000,17.900000
25.766667,2.760000,-2.360000,1.430000,99.120000,16.120000,16.860000
25.800000,2.760000,-2.360000,1.410000,99.650000,16.550000,15.830000
25.833333,2.760000,-2.360000,1.400000,100.170000,16.980000,14.790000
25.866667,2.760000,-2.360000,1.380000,100.690000,17.410000,13.750000
25.900000,2.760000,-2.360000,1.370000,101.210000,17.840000,12.720000
25.933333,2.750000,-2.360000,1.350000,101.730000,18.270000,11.680000
25.966667,2.750000,-2.360000,1.340000,102.260000,18.700000,10.640000
26.000000,2.750000,-2.360000,1.320000,102.780000,19.140000,9.600000
26.033333,2.750000,-2.360000,1.310000,103.300000,19.570000,8.570000
26.066667,2.750000,-2.360000,1.290000,103.820000,20.000000,7.530000
26.100000,2.750000,-2.360000,1.280000,104.340000,20.430000,6.490000
26.133333,2.750000,-2.360000,1.260000,104.870000,20.860000,5.460000
26.166667,2.750000,-2.350000,1.250000,105.390000,21.290000,4.420000
26.200000,2.750000,-2.350000,1.230000,105.910000,21.720000,3.380000
26.233333,2.750000,-2.350000,1.220000,105.440000,21.550000,2.650000
26.266667,2.740000,-2.350000,1.230000,104.980000,21.380000,1.920000
26.300000,2.740000,-2.350000,1.240000,104.510000,21.210000,1.190000
26.333333,2.730000,-2.350000,1.250000,104.040000,21.030000,0.470000
26.366667,2.730000,-2.350000,1.250000,103.580000,20.860000,-0.260000
26.400000,2.720000,-2.350000,1.260000,103.110000,20.690000,-0.990000
26.433333,2.720000,-2.340000,1.270000,102.640000,20.520000,-1.720000
26.466667,2.710000,-2.340000,1.280000,102.180000,20.350000,-2.450000
26.500000,2.710000,-2.340000,1.290000,101.710000,20.170000,-3.180000
26.533333,2.700000,-2.340000,1.300000,101.250000,20.000000,-3.910000
26.566667,2.700000,-2.340000,1.310000,100.780000,19.830000,-4.640000
26.600000,2.690000,-2.340000,1.320000,100.310000,19.660000,-5.370000
26.633333,2.690000,-2.330000,1.330000,99.850000,19.480000,-6.100000
26.666667,2.680000,-2.330000,1.340000,99.380000,19.310000,-6.830000
26.700000,2.680000,-2.330000,1.350000,98.910000,19.140000,-7.560000
26.733333,2.670000,-2.330000,1.360000,98.450000,18.970000,-8.290000
26.766667,2.670000,-2.330000,1.360000,97.980000,18.800000,-9.010000
26.800000,2.660000,-2.330000,1.370000,97.510000,18.620000,-9.740000
26.833333,2.660000,-2.330000,1.380000,97.050000,18.450000,-10.470000
26.866667,2.650000,-2.320000,1.390000,96.580000,18.280000,-11.200000
26.900000,2.650000,-2.320000,1.400000,96.110000,18.110000,-11.930000
26.933333,2.650000,-2.320000,1.410000,95.650000,17.930000,-12.660000
26.966667,2.640000,-2.320000,1.420000,95.180000,17.760000,-13.390000
27.000000,2.640000,-2.320000,1.430000,94.710000,17.590000,-14.120000
27.033333,2.630000,-2.320000,1.440000,94.250000,17.420000,-14.850000
27.066667,2.630000,-2.310000,1.450000,93.780000,17.240000,-15.580000
27.100000,2.620000,-2.310000,1.460000,93.310000,17.070000,-16.310000
27.133333,2.610000,-2.310000,1.460000,91.860000,15.840000,-16.770000
27.166667,2.600000,-2.310000,1.460000,90.400000,14.610000,-17.240000
27.200000,2.590000,-2.310000,1.460000,88.950000,13.380000,-17.710000
27.233333,2.570000,-2.310000,1.460000,87.490000,12.150000,-18.170000
27.266667,2.560000,-2.310000,1.450000,86.040000,10.920000,-18.640000
27.300000,2.550000,-2.310000,1.450000,84.580000,9.690000,-19.110000
27.333333,2.540000,-2.310000,1.450000,83.130000,8.460000,-19.570000
27.366667,2.530000,-2.310000,1.450000,81.670000,7.230000,-20.040000
27.400000,2.530000,-2.310000,1.450000,80.220000,5.990000,-20.510000
27.433333,2.530000,-2.310000,1.440000,78.760000,4.760000,-20.970000
27.466667,2.540000,-2.320000,1.430000,77.300000,3.530000,-21.440000
27.500000,2.540000,-2.320000,1.430000,75.850000,2.300000,-21.900000
27.533333,2.550000,-2.320000,1.420000,74.390000,1.070000,-22.370000
27.566667,2.550000,-2.320000,1.410000,72.940000,-0.160000,-22.840000
27.600000,2.560000,-2.320000,1.400000,71.480000,-1.390000,-23.300000
27.633333,2.560000,-2.330000,1.400000,70.030000,-2.620000,-23.770000
27.666667,2.570000,-2.330000,1.390000,68.570000,-3.850000,-24.240000
27.700000,2.570000,-2.330000,1.380000,67.120000,-5.080000,-24.700000
27.733333,2.580000,-2.330000,1.380000,65.660000,-6.310000,-25.170000
27.766667,2.580000,-2.330000,1.370000,64.200000,-7.540000,-25.640000
27.800000,2.580000,-2.340000,1.360000,62.750000,-8.780000,-26.100000
27.833333,2.590000,-2.340000,1.360000,61.290000,-10.010000,-26.570000
27.866667,2.590000,-2.340000,1.350000,59.840000,-11.240000,-27.040000
27.900000,2.600000,-2.340000,1.340000,58.380000,-12.470000,-27.500000
27.933333,2.600000,-2.340000,1.330000,56.930000,-13.700000,-27.970000
27.966667,2.610000,-2.350000,1.330000,57.550000,-13.890000,-27.700000
28.000000,2.610000,-2.350000,1.320000,58.170000,-14.090000,-27.420000
28.033333,2.620000,-2.340000,1.330000,58.790000,-14.280000,-27.150000
28.066667,2.620000,-2.340000,1.330000,59.410000,-14.480000,-26.880000
28.100000,2.630000,-2.340000,1.340000,60.020000,-14.670000,-26.610000
28.133333,2.640000,-2.340000,1.350000,60.640000,-14.860000,-26.340000
28.166667,2.650000,-2.340000,1.360000,61.260000,-15.060000,-26.070000
28.200000,2.660000,-2.340000,1.370000,61.880000,-15.250000,-25.790000
28.233333,2.670000,-2.340000,1.380000,62.500000,-15.450000,-25.520000
28.266667,2.680000,-2.340000,1.390000,63.120000,-15.640000,-25.250000
28.300000,2.690000,-2.340000,1.400000,63.740000,-15.830000,-24.980000
28.333333,2.700000,-2.340000,1.410000,64.360000,-16.030000,-24.710000
28.366667,2.710000,-2.330000,1.420000,64.980000,-16.220000,-24.430000
28.400000,2.720000,-2.330000,1.430000,66.090000,-15.850000,-23.060000
28.433333,2.730000,-2.330000,1.440000,67.190000,-15.480000,-21.690000
28.466667,2.740000,-2.330000,1.450000,68.300000,-15.120000,-20.310000
28.500000,2.750000,-2.330000,1.460000,69.410000,-14.750000,-18.940000
28.533333,2.760000,-2.330000,1.470000,70.520000,-14.380000,-17.570000
28.566667,2.770000,-2.330000,1.470000,71.620000,-14.010000,-16.190000
28.600000,2.780000,-2.330000,1.480000,72.730000,-13.640000,-14.820000
28.633333,2.790000,-2.330000,1.490000,73.840000,-13.270000,-13.450000
28.666667,2.800000,-2.330000,1.500000,74.940000,-12.900000,-12.070000
28.700000,2.810000,-2.330000,1.510000,76.050000,-12.530000,-10.700000
28.733333,2.820000,-2.330000,1.520000,77.160000,-12.160000,-9.330000
28.766667,2.820000,-2.320000,1.530000,78.260000,-11.790000,-7.950000
28.800000,2.830000,-2.320000,1.540000,79.370000,-11.420000,-6.580000
28.833333,2.840000,-2.320000,1.550000,80.480000,-11.050000,-5.210000
28.866667,2.850000,-2.320000,1.560000,81.580000,-10.690000,-3.830000
28.900000,2.860000,-2.320000,1.570000,81.500000,-11.490000,-2.590000
28.933333,2.870000,-2.320000,1.580000,81.410000,-12.300000,-1.340000
28.966667,2.880000,-2.320000,1.590000,81.320000,-13.110000,-0.090000
29.000000,2.890000,-2.320000,1.600000,81.240000,-13.920000,1.160000
29.033333,2.880000,-2.320000,1.590000,81.150000,-14.730000,2.400000
29.066667,2.870000,-2.320000,1.570000,81.060000,-15.540000,3.650000
29.100000,2.860000,-2.320000,1.560000,80.970000,-16.350000,4.900000
29.133333,2.850000,-2.310000,1.550000,80.890000,-17.150000,6.150000
29.166667,2.840000,-2.310000,1.530000,80.800000,-17.960000,7.390000
29.200000,2.830000,-2.310000,1.520000,80.710000,-18.770000,8.640000
29.233333,2.820000,-2.310000,1.510000,80.630000,-19.580000,9.890000
29.266667,2.810000,-2.310000,1.510000,80.540000,-20.390000,11.140000
29.300000,2.810000,-2.310000,1.500000,80.450000,-21.200000,12.380000
29.333333,2.820000,-2.300000,1.490000,80.030000,-21.140000,11.850000
29.366667,2.820000,-2.300000,1.490000,79.610000,-21.090000,11.310000
29.400000,2.820000,-2.290000,1.480000,79.200000,-21.040000,10.780000
29.433333,2.820000,-2.290000,1.470000,78.730000,-20.060000,10.410000
29.466667,2.820000,-2.280000,1.470000,78.270000,-19.090000,10.050000
29.500000,2.820000,-2.280000,1.460000,77.810000,-18.110000,9.680000
29.533333,2.830000,-2.270000,1.450000,77.350000,-17.140000,9.310000
29.566667,2.830000,-2.270000,1.450000,76.890000,-16.160000,8.950000
29.600000,2.830000,-2.260000,1.440000,76.430000,-15.180000,8.580000
29.633333,2.830000,-2.260000,1.430000,75.970000,-14.210000,8.220000
29.666667,2.830000,-2.250000,1.430000,75.510000,-13.230000,7.850000
29.700000,2.830000,-2.250000,1.420000,75.050000,-12.260000,7.480000
29.733333,2.840000,-2.240000,1.410000,74.590000,-11.280000,7.120000
29.766667,2.840000,-2.240000,1.410000,74.130000,-10.300000,6.750000
29.800000,2.840000,-2.230000,1.400000,73.670000,-9.330000,6.380000
29.833333,2.840000,-2.230000,1.390000,73.210000,-8.350000,6.020000
29.866667,2.840000,-2.220000,1.380000,72.750000,-7.380000,5.650000
29.900000,2.850000,-2.210000,1.380000,72.290000,-6.400000,5.290000
29.933333,2.850000,-2.210000,1.370000,71.830000,-5.420000,4.920000
29.966667,2.850000,-2.200000,1.360000,71.370000,-4.450000,4.550000
