0.000000,0.900000,0.800000,1.200000,180.000000,0.000000,0.000000
0.033333,0.890000,0.800000,1.190000,179.290000,0.470000,-0.130000
0.066667,0.890000,0.800000,1.180000,178.590000,0.950000,-0.270000
0.100000,0.880000,0.800000,1.170000,177.880000,1.420000,-0.400000
0.133333,0.870000,0.810000,1.160000,177.170000,1.890000,-0.540000
0.166667,0.860000,0.810000,1.150000,176.470000,2.370000,-0.670000
0.200000,0.860000,0.810000,1.130000,175.760000,2.840000,-0.800000
0.233333,0.850000,0.810000,1.120000,175.050000,3.310000,-0.940000
0.266667,0.840000,0.810000,1.110000,174.350000,3.780000,-1.070000
0.300000,0.840000,0.810000,1.100000,173.640000,4.260000,-1.210000
0.333333,0.830000,0.820000,1.090000,172.930000,4.730000,-1.340000
0.366667,0.820000,0.820000,1.080000,172.230000,5.200000,-1.480000
0.400000,0.810000,0.820000,1.070000,171.520000,5.680000,-1.610000
0.433333,0.810000,0.820000,1.060000,170.810000,6.150000,-1.740000
0.466667,0.800000,0.820000,1.050000,170.110000,6.620000,-1.880000
0.500000,0.790000,0.820000,1.040000,169.400000,7.100000,-2.010000
0.533333,0.790000,0.830000,1.030000,168.690000,7.570000,-2.150000
0.566667,0.780000,0.830000,1.010000,167.990000,8.040000,-2.280000
0.600000,0.770000,0.830000,1.000000,167.280000,8.520000,-2.410000
0.633333,0.760000,0.830000,0.990000,166.580000,8.990000,-2.550000
0.666667,0.760000,0.830000,0.980000,165.870000,9.460000,-2.680000
0.700000,0.750000,0.830000,0.970000,165.160000,9.940000,-2.820000
0.733333,0.740000,0.830000,0.960000,164.460000,10.410000,-2.950000
0.766667,0.730000,0.840000,0.950000,163.750000,10.880000,-3.090000
0.800000,0.730000,0.840000,0.940000,163.040000,11.350000,-3.220000
0.833333,0.720000,0.840000,0.930000,162.340000,11.830000,-3.350000
0.866667,0.710000,0.840000,0.920000,161.630000,12.300000,-3.490000
0.900000,0.710000,0.850000,0.930000,160.920000,12.770000,-3.620000
0.933333,0.710000,0.860000,0.940000,160.220000,13.250000,-3.760000
0.966667,0.710000,0.860000,0.950000,160.440000,13.400000,-3.980000
1.000000,0.710000,0.870000,0.960000,160.660000,13.560000,-4.200000
1.033333,0.710000,0.880000,0.970000,160.880000,13.720000,-4.410000
1.066667,0.710000,0.890000,0.980000,161.110000,13.880000,-4.630000
1.100000,0.710000,0.890000,0.990000,161.330000,14.030000,-4.850000
1.133333,0.710000,0.900000,0.990000,161.550000,14.190000,-5.070000
1.166667,0.710000,0.910000,1.000000,161.780000,14.350000,-5.290000
1.200000,0.710000,0.920000,1.010000,162.000000,14.500000,-5.510000
1.233333,0.710000,0.930000,1.020000,162.220000,14.660000,-5.730000
1.266667,0.710000,0.930000,1.030000,162.440000,14.820000,-5.950000
1.300000,0.710000,0.940000,1.040000,162.670000,14.970000,-6.170000
1.333333,0.710000,0.950000,1.050000,162.890000,15.130000,-6.390000
1.366667,0.710000,0.960000,1.060000,163.110000,15.290000,-6.610000
1.400000,0.710000,0.960000,1.070000,163.340000,15.450000,-6.830000
1.433333,0.710000,0.970000,1.080000,163.560000,15.600000,-7.050000
1.466667,0.710000,0.980000,1.090000,163.780000,15.760000,-7.270000
1.500000,0.710000,0.990000,1.100000,164.000000,15.920000,-7.490000
1.533333,0.710000,1.000000,1.110000,164.230000,16.070000,-7.710000
1.566667,0.710000,1.000000,1.120000,164.450000,16.230000,-7.930000
1.600000,0.710000,1.010000,1.130000,164.670000,16.390000,-8.150000
1.633333,0.710000,1.020000,1.140000,164.900000,16.540000,-8.370000
1.666667,0.710000,1.020000,1.150000,165.120000,16.700000,-8.590000
1.700000,0.710000,1.020000,1.150000,165.340000,16.860000,-8.810000
1.733333,0.710000,1.020000,1.160000,165.560000,17.020000,-9.030000
1.766667,0.710000,1.020000,1.170000,165.790000,17.170000,-9.250000
1.800000,0.710000,1.020000,1.170000,166.010000,17.330000,-9.470000
1.833333,0.710000,1.020000,1.180000,166.230000,17.490000,-9.690000
1.866667,0.710000,1.020000,1.180000,166.460000,17.640000,-9.900000
1.900000,0.710000,1.020000,1.190000,165.490000,17.010000,-9.770000
1.933333,0.720000,1.020000,1.190000,164.520000,16.370000,-9.640000
1.966667,0.720000,1.020000,1.200000,163.560000,15.730000,-9.510000
2.000000,0.720000,1.020000,1.200000,162.590000,15.090000,-9.380000
2.033333,0.720000,1.020000,1.210000,161.630000,14.450000,-9.250000
2.066667,0.720000,1.020000,1.220000,160.660000,13.810000,-9.120000
2.100000,0.720000,1.020000,1.220000,159.690000,13.170000,-8.990000
2.133333,0.720000,1.020000,1.230000,158.730000,12.530000,-8.850000
2.166667,0.720000,1.020000,1.230000,157.760000,11.890000,-8.720000
2.200000,0.720000,1.020000,1.240000,156.790000,11.260000,-8.590000
2.233333,0.720000,1.020000,1.240000,155.830000,10.620000,-8.460000
2.266667,0.720000,1.020000,1.250000,154.860000,9.980000,-8.330000
2.300000,0.720000,1.020000,1.260000,153.900000,9.340000,-8.200000
2.333333,0.720000,1.020000,1.260000,152.930000,8.700000,-8.070000
2.366667,0.720000,1.020000,1.270000,151.960000,8.060000,-7.930000
2.400000,0.720000,1.020000,1.270000,151.000000,7.420000,-7.800000
2.433333,0.730000,1.020000,1.280000,150.030000,6.780000,-7.670000
2.466667,0.730000,1.020000,1.280000,149.070000,6.140000,-7.540000
2.500000,0.730000,1.020000,1.290000,148.100000,5.500000,-7.410000
2.533333,0.730000,1.020000,1.290000,148.400000,5.590000,-6.850000
2.566667,0.730000,1.020000,1.300000,148.690000,5.680000,-6.290000
2.600000,0.730000,1.020000,1.290000,148.990000,5.770000,-5.730000
2.633333,0.730000,1.020000,1.280000,149.290000,5.860000,-5.170000
2.666667,0.730000,1.020000,1.270000,149.590000,5.950000,-4.610000
2.700000,0.730000,1.020000,1.260000,149.880000,6.040000,-4.050000
2.733333,0.730000,1.020000,1.250000,150.180000,6.130000,-3.490000
2.766667,0.740000,1.010000,1.260000,150.480000,6.220000,-2.930000
2.800000,0.740000,1.000000,1.260000,150.770000,6.310000,-2.370000
2.833333,0.750000,0.980000,1.260000,151.070000,6.390000,-1.810000
2.866667,0.750000,0.970000,1.270000,151.370000,6.480000,-1.250000
2.900000,0.760000,0.960000,1.270000,151.670000,6.570000,-0.690000
2.933333,0.760000,0.950000,1.280000,151.960000,6.660000,-0.130000
2.966667,0.770000,0.940000,1.280000,152.260000,6.750000,0.430000
3.000000,0.770000,0.920000,1.280000,152.560000,6.840000,1.000000
3.033333,0.780000,0.910000,1.290000,152.860000,6.930000,1.560000
3.066667,0.780000,0.900000,1.290000,153.150000,7.020000,2.120000
3.100000,0.790000,0.890000,1.300000,153.450000,7.110000,2.680000
3.133333,0.790000,0.880000,1.300000,153.750000,7.200000,3.240000
3.166667,0.800000,0.860000,1.300000,154.050000,7.280000,3.800000
3.200000,0.800000,0.850000,1.310000,154.340000,7.370000,4.360000
3.233333,0.810000,0.840000,1.310000,154.640000,7.460000,4.920000
3.266667,0.810000,0.830000,1.310000,154.940000,7.550000,5.480000
3.300000,0.810000,0.820000,1.310000,155.230000,7.640000,6.040000
3.333333,0.820000,0.800000,1.310000,155.530000,7.730000,6.600000
3.366667,0.810000,0.800000,1.320000,155.830000,7.820000,7.160000
3.400000,0.810000,0.800000,1.320000,156.130000,7.910000,7.720000
3.433333,0.810000,0.790000,1.330000,156.420000,8.000000,8.280000
3.466667,0.800000,0.790000,1.340000,156.720000,8.090000,8.840000
3.500000,0.800000,0.790000,1.340000,158.420000,7.720000,10.160000
3.533333,0.790000,0.790000,1.350000,160.120000,7.360000,11.490000
3.566667,0.790000,0.780000,1.360000,161.820000,6.990000,12.820000
3.600000,0.790000,0.780000,1.360000,163.530000,6.630000,14.140000
3.633333,0.780000,0.780000,1.370000,165.230000,6.260000,15.470000
3.666667,0.780000,0.780000,1.370000,166.930000,5.900000,16.790000
3.700000,0.780000,0.770000,1.380000,168.630000,5.540000,18.120000
3.733333,0.770000,0.770000,1.390000,170.330000,5.170000,19.440000
3.766667,0.770000,0.770000,1.390000,172.030000,4.810000,20.770000
3.800000,0.760000,0.770000,1.400000,173.730000,4.440000,22.100000
3.833333,0.760000,0.760000,1.410000,175.430000,4.080000,23.420000
3.866667,0.760000,0.760000,1.410000,177.140000,3.720000,24.750000
3.900000,0.750000,0.760000,1.420000,178.840000,3.350000,26.070000
3.933333,0.750000,0.750000,1.420000,180.540000,2.990000,27.400000
3.966667,0.750000,0.750000,1.430000,182.240000,2.620000,28.720000
4.000000,0.740000,0.750000,1.440000,183.940000,2.260000,30.050000
4.033333,0.740000,0.750000,1.440000,185.640000,1.890000,31.370000
4.066667,0.730000,0.740000,1.450000,187.340000,1.530000,32.700000
4.100000,0.730000,0.740000,1.460000,189.040000,1.170000,34.030000
4.133333,0.730000,0.740000,1.460000,190.750000,0.800000,35.350000
4.166667,0.720000,0.740000,1.470000,192.450000,0.440000,36.680000
4.200000,0.720000,0.730000,1.470000,194.150000,0.070000,38.000000
4.233333,0.720000,0.730000,1.480000,195.850000,-0.290000,39.330000
4.266667,0.710000,0.730000,1.490000,197.550000,-0.650000,40.650000
4.300000,0.710000,0.720000,1.480000,199.250000,-1.020000,41.980000
4.333333,0.710000,0.720000,1.460000,200.950000,-1.380000,43.300000
4.366667,0.700000,0.720000,1.450000,202.650000,-1.750000,44.630000
4.400000,0.700000,0.720000,1.440000,204.350000,-2.110000,45.960000
4.433333,0.700000,0.710000,1.420000,204.050000,-0.420000,44.670000
4.466667,0.700000,0.720000,1.410000,203.750000,1.280000,43.390000
4.500000,0.700000,0.720000,1.410000,203.450000,2.970000,42.110000
4.533333,0.700000,0.720000,1.400000,203.140000,4.670000,40.820000
4.566667,0.700000,0.720000,1.400000,202.840000,6.370000,39.540000
4.600000,0.690000,0.720000,1.390000,202.540000,8.060000,38.260000
4.633333,0.690000,0.730000,1.390000,202.230000,9.760000,36.970000
4.666667,0.690000,0.730000,1.380000,201.930000,11.450000,35.690000
4.700000,0.690000,0.730000,1.380000,201.630000,13.150000,34.410000
4.733333,0.690000,0.730000,1.370000,201.320000,14.840000,33.130000
4.766667,0.690000,0.730000,1.360000,201.020000,16.540000,31.840000
4.800000,0.690000,0.740000,1.360000,200.720000,18.230000,30.560000
4.833333,0.690000,0.740000,1.350000,200.410000,19.930000,29.280000
4.866667,0.680000,0.740000,1.350000,200.110000,21.630000,27.990000
4.900000,0.680000,0.740000,1.340000,199.810000,23.320000,26.710000
4.933333,0.680000,0.740000,1.340000,199.500000,25.020000,25.430000
4.966667,0.680000,0.750000,1.330000,199.200000,26.710000,24.140000
5.000000,0.680000,0.750000,1.330000,198.900000,28.410000,22.860000
5.033333,0.680000,0.750000,1.320000,198.590000,30.100000,21.580000
5.066667,0.680000,0.750000,1.310000,198.290000,31.800000,20.300000
5.100000,0.680000,0.760000,1.310000,197.990000,33.490000,19.010000
5.133333,0.670000,0.760000,1.300000,197.680000,35.190000,17.730000
5.166667,0.670000,0.760000,1.300000,197.380000,36.880000,16.450000
5.200000,0.670000,0.760000,1.290000,197.080000,38.580000,15.160000
5.233333,0.670000,0.760000,1.290000,196.780000,40.280000,13.880000
5.266667,0.670000,0.770000,1.280000,196.470000,41.970000,12.600000
5.300000,0.670000,0.770000,1.280000,196.170000,43.670000,11.310000
5.333333,0.670000,0.760000,1.270000,195.870000,45.360000,10.030000
5.366667,0.670000,0.760000,1.270000,195.560000,47.060000,8.750000
5.400000,0.670000,0.760000,1.260000,194.050000,48.480000,7.460000
5.433333,0.680000,0.750000,1.260000,192.540000,49.910000,6.170000
5.466667,0.680000,0.750000,1.250000,191.030000,51.330000,4.880000
5.500000,0.680000,0.750000,1.250000,189.520000,52.750000,3.590000
5.533333,0.680000,0.740000,1.240000,188.010000,54.180000,2.300000
5.566667,0.680000,0.740000,1.240000,186.500000,55.600000,1.010000
5.600000,0.690000,0.740000,1.230000,184.990000,57.020000,-0.280000
5.633333,0.690000,0.730000,1.230000,183.480000,58.450000,-1.570000
5.666667,0.690000,0.730000,1.220000,181.970000,59.870000,-2.860000
5.700000,0.690000,0.720000,1.220000,180.460000,61.300000,-4.150000
5.733333,0.700000,0.720000,1.210000,178.950000,62.720000,-5.440000
5.766667,0.700000,0.720000,1.210000,177.440000,64.140000,-6.740000
5.800000,0.700000,0.720000,1.200000,175.930000,65.570000,-8.030000
5.833333,0.700000,0.710000,1.200000,174.420000,66.990000,-9.320000
5.866667,0.700000,0.710000,1.200000,172.910000,68.420000,-10.610000
5.900000,0.700000,0.710000,1.200000,171.400000,69.840000,-11.900000
5.933333,0.700000,0.710000,1.190000,169.890000,71.260000,-13.190000
5.966667,0.700000,0.700000,1.190000,171.220000,69.750000,-12.960000
6.000000,0.710000,0.700000,1.190000,172.550000,68.230000,-12.730000
6.033333,0.710000,0.700000,1.180000,173.880000,66.710000,-12.500000
6.066667,0.710000,0.700000,1.180000,175.210000,65.200000,-12.280000
6.100000,0.710000,0.690000,1.180000,176.540000,63.680000,-12.050000
6.133333,0.710000,0.690000,1.170000,177.870000,62.160000,-11.820000
6.166667,0.710000,0.690000,1.170000,179.200000,60.650000,-11.590000
6.200000,0.710000,0.690000,1.170000,180.530000,59.130000,-11.360000
6.233333,0.720000,0.690000,1.170000,181.860000,57.610000,-11.140000
6.266667,0.720000,0.680000,1.160000,183.190000,56.100000,-10.910000
6.300000,0.720000,0.680000,1.160000,184.520000,54.580000,-10.680000
6.333333,0.720000,0.680000,1.160000,185.850000,53.060000,-10.450000
6.366667,0.720000,0.680000,1.150000,187.180000,51.550000,-10.220000
6.400000,0.720000,0.670000,1.150000,188.510000,50.030000,-10.000000
6.433333,0.720000,0.670000,1.150000,189.840000,48.510000,-9.770000
6.466667,0.720000,0.670000,1.150000,191.180000,47.000000,-9.540000
6.500000,0.730000,0.670000,1.140000,192.510000,45.480000,-9.310000
6.533333,0.730000,0.660000,1.140000,193.840000,43.960000,-9.090000
6.566667,0.730000,0.660000,1.140000,195.170000,42.450000,-8.860000
6.600000,0.730000,0.650000,1.130000,196.500000,40.930000,-8.630000
6.633333,0.720000,0.650000,1.130000,197.830000,39.420000,-8.400000
6.666667,0.720000,0.640000,1.130000,199.160000,37.900000,-8.170000
6.700000,0.720000,0.630000,1.120000,200.490000,36.380000,-7.950000
6.733333,0.720000,0.630000,1.120000,201.820000,34.870000,-7.720000
6.766667,0.720000,0.620000,1.120000,203.150000,33.350000,-7.490000
6.800000,0.720000,0.610000,1.110000,204.480000,31.830000,-7.260000
6.833333,0.720000,0.610000,1.110000,205.810000,30.320000,-7.030000
6.866667,0.720000,0.600000,1.110000,207.140000,28.800000,-6.810000
6.900000,0.720000,0.600000,1.100000,208.470000,27.280000,-6.580000
6.933333,0.720000,0.590000,1.100000,209.800000,25.770000,-6.350000
6.966667,0.720000,0.580000,1.100000,209.970000,26.680000,-8.270000
7.000000,0.710000,0.580000,1.090000,210.130000,27.600000,-10.190000
7.033333,0.710000,0.570000,1.090000,210.290000,28.520000,-12.110000
7.066667,0.710000,0.560000,1.080000,210.450000,29.440000,-14.030000
7.100000,0.710000,0.560000,1.080000,210.610000,30.360000,-15.950000
7.133333,0.710000,0.550000,1.080000,210.780000,31.270000,-17.870000
7.166667,0.710000,0.550000,1.070000,210.940000,32.190000,-19.790000
7.200000,0.710000,0.540000,1.070000,211.100000,33.110000,-21.710000
7.233333,0.710000,0.530000,1.070000,211.260000,34.030000,-23.630000
7.266667,0.710000,0.530000,1.060000,211.420000,34.950000,-25.550000
7.300000,0.710000,0.520000,1.060000,211.580000,35.870000,-27.470000
7.333333,0.710000,0.520000,1.070000,211.540000,34.520000,-27.540000
7.366667,0.710000,0.520000,1.080000,211.500000,33.180000,-27.620000
7.400000,0.710000,0.520000,1.090000,211.450000,31.840000,-27.700000
7.433333,0.710000,0.520000,1.100000,211.410000,30.490000,-27.780000
7.466667,0.710000,0.520000,1.110000,211.370000,29.150000,-27.860000
7.500000,0.710000,0.520000,1.120000,211.320000,27.810000,-27.940000
7.533333,0.710000,0.520000,1.130000,211.280000,26.460000,-28.020000
7.566667,0.710000,0.520000,1.140000,211.240000,25.120000,-28.100000
7.600000,0.720000,0.520000,1.150000,211.200000,23.780000,-28.180000
7.633333,0.720000,0.520000,1.160000,210.520000,23.260000,-28.090000
7.666667,0.720000,0.530000,1.170000,209.840000,22.750000,-28.010000
7.700000,0.720000,0.530000,1.180000,209.160000,22.230000,-27.920000
7.733333,0.720000,0.530000,1.190000,208.480000,21.720000,-27.830000
7.766667,0.720000,0.530000,1.200000,207.800000,21.200000,-27.740000
7.800000,0.720000,0.530000,1.210000,207.120000,20.690000,-27.650000
7.833333,0.720000,0.530000,1.220000,206.450000,20.170000,-27.560000
7.866667,0.720000,0.530000,1.240000,205.770000,19.660000,-27.470000
7.900000,0.730000,0.530000,1.250000,205.090000,19.140000,-27.380000
7.933333,0.730000,0.530000,1.260000,204.410000,18.630000,-27.290000
7.966667,0.730000,0.530000,1.270000,203.730000,18.110000,-27.210000
8.000000,0.730000,0.530000,1.280000,203.620000,18.290000,-26.570000
8.033333,0.730000,0.530000,1.290000,203.510000,18.460000,-25.930000
8.066667,0.730000,0.530000,1.300000,203.400000,18.630000,-25.290000
8.100000,0.730000,0.530000,1.310000,203.280000,18.800000,-24.660000
8.133333,0.730000,0.530000,1.320000,203.170000,18.970000,-24.020000
8.166667,0.730000,0.530000,1.330000,203.060000,19.140000,-23.380000
8.200000,0.730000,0.530000,1.340000,202.950000,19.310000,-22.750000
8.233333,0.740000,0.530000,1.350000,202.840000,19.490000,-22.110000
8.266667,0.740000,0.530000,1.360000,202.730000,19.660000,-21.470000
8.300000,0.740000,0.530000,1.370000,202.610000,19.830000,-20.840000
8.333333,0.740000,0.530000,1.380000,202.500000,20.000000,-20.200000
8.366667,0.740000,0.530000,1.390000,202.390000,20.170000,-19.560000
8.400000,0.740000,0.530000,1.400000,202.280000,20.340000,-18.930000
8.433333,0.740000,0.540000,1.410000,202.170000,20.520000,-18.290000
8.466667,0.740000,0.540000,1.420000,202.060000,20.690000,-17.650000
8.500000,0.750000,0.540000,1.430000,201.940000,20.860000,-17.010000
8.533333,0.750000,0.540000,1.440000,201.830000,21.030000,-16.380000
8.566667,0.750000,0.540000,1.450000,201.720000,21.200000,-15.740000
8.600000,0.750000,0.540000,1.460000,201.610000,21.370000,-15.100000
8.633333,0.750000,0.540000,1.470000,201.500000,21.540000,-14.470000
8.666667,0.750000,0.540000,1.480000,201.380000,21.720000,-13.830000
8.700000,0.750000,0.540000,1.490000,201.270000,21.890000,-13.190000
8.733333,0.760000,0.540000,1.500000,201.160000,22.060000,-12.560000
8.766667,0.760000,0.540000,1.510000,201.050000,22.230000,-11.920000
8.800000,0.760000,0.540000,1.530000,200.940000,22.400000,-11.280000
8.833333,0.760000,0.540000,1.540000,200.830000,22.570000,-10.650000
8.866667,0.760000,0.540000,1.550000,200.640000,22.160000,-10.380000
8.900000,0.760000,0.540000,1.560000,200.450000,21.750000,-10.110000
8.933333,0.760000,0.540000,1.570000,200.270000,21.330000,-9.840000
8.966667,0.770000,0.540000,1.580000,200.080000,20.920000,-9.580000
9.000000,0.770000,0.540000,1.590000,199.890000,20.500000,-9.310000
9.033333,0.770000,0.540000,1.600000,199.710000,20.090000,-9.040000
9.066667,0.770000,0.540000,1.610000,199.520000,19.680000,-8.780000
9.100000,0.770000,0.540000,1.620000,199.330000,19.260000,-8.510000
9.133333,0.770000,0.540000,1.620000,199.150000,18.850000,-8.240000
9.166667,0.770000,0.540000,1.610000,198.960000,18.430000,-7.980000
9.200000,0.770000,0.550000,1.610000,198.770000,18.020000,-7.710000
9.233333,0.770000,0.550000,1.600000,198.590000,17.610000,-7.440000
9.266667,0.770000,0.550000,1.600000,198.400000,17.190000,-7.180000
9.300000,0.770000,0.550000,1.600000,198.210000,16.780000,-6.910000
9.333333,0.770000,0.550000,1.590000,198.030000,16.370000,-6.640000
9.366667,0.770000,0.550000,1.590000,197.840000,15.950000,-6.380000
9.400000,0.770000,0.550000,1.590000,197.650000,15.540000,-6.110000
9.433333,0.770000,0.550000,1.580000,197.470000,15.120000,-5.840000
9.466667,0.770000,0.550000,1.580000,197.280000,14.710000,-5.570000
9.500000,0.760000,0.550000,1.580000,197.090000,14.300000,-5.310000
9.533333,0.760000,0.550000,1.570000,197.480000,12.610000,-5.900000
9.566667,0.760000,0.550000,1.570000,197.870000,10.930000,-6.490000
9.600000,0.760000,0.560000,1.560000,198.260000,9.250000,-7.080000
9.633333,0.760000,0.560000,1.560000,198.650000,7.570000,-7.660000
9.666667,0.760000,0.560000,1.560000,199.040000,5.890000,-8.250000
9.700000,0.760000,0.560000,1.550000,199.420000,4.210000,-8.840000
9.733333,0.760000,0.560000,1.550000,199.810000,2.530000,-9.430000
9.766667,0.760000,0.560000,1.550000,200.200000,0.850000,-10.020000
9.800000,0.760000,0.560000,1.540000,200.590000,-0.830000,-10.610000
9.833333,0.760000,0.560000,1.540000,200.350000,-1.000000,-10.530000
9.866667,0.760000,0.560000,1.540000,200.110000,-1.160000,-10.460000
9.900000,0.760000,0.560000,1.520000,199.880000,-1.320000,-10.380000
9.933333,0.760000,0.570000,1.510000,199.640000,-1.480000,-10.310000
9.966667,0.760000,0.570000,1.500000,199.400000,-1.640000,-10.230000
10.000000,0.760000,0.570000,1.480000,199.160000,-1.810000,-10.160000
10.033333,0.760000,0.570000,1.470000,198.930000,-1.970000,-10.080000
10.066667,0.750000,0.570000,1.460000,198.690000,-2.130000,-10.010000
10.100000,0.750000,0.580000,1.440000,198.450000,-2.290000,-9.930000
10.133333,0.750000,0.580000,1.430000,198.210000,-2.450000,-9.860000
10.166667,0.750000,0.580000,1.420000,197.980000,-2.610000,-9.780000
10.200000,0.750000,0.580000,1.410000,197.740000,-2.780000,-9.700000
10.233333,0.750000,0.590000,1.390000,197.500000,-2.940000,-9.630000
10.266667,0.750000,0.590000,1.380000,197.260000,-3.100000,-9.550000
10.300000,0.750000,0.590000,1.370000,197.020000,-3.260000,-9.480000
10.333333,0.750000,0.590000,1.350000,196.790000,-3.420000,-9.400000
10.366667,0.750000,0.590000,1.340000,196.550000,-3.590000,-9.330000
10.400000,0.750000,0.600000,1.330000,196.310000,-3.750000,-9.250000
10.433333,0.750000,0.600000,1.310000,196.070000,-3.910000,-9.180000
10.466667,0.750000,0.600000,1.300000,195.840000,-4.070000,-9.100000
10.500000,0.750000,0.600000,1.290000,195.600000,-4.230000,-9.030000
10.533333,0.750000,0.610000,1.280000,195.360000,-4.400000,-8.950000
10.566667,0.750000,0.610000,1.260000,195.120000,-4.560000,-8.870000
10.600000,0.750000,0.610000,1.250000,194.890000,-4.720000,-8.800000
10.633333,0.750000,0.610000,1.240000,194.650000,-4.880000,-8.720000
10.666667,0.750000,0.610000,1.220000,194.410000,-5.040000,-8.650000
10.700000,0.750000,0.620000,1.210000,194.170000,-5.200000,-8.570000
10.733333,0.740000,0.620000,1.200000,193.940000,-5.370000,-8.500000
10.766667,0.740000,0.620000,1.190000,193.700000,-5.530000,-8.420000
10.800000,0.740000,0.620000,1.170000,193.460000,-5.690000,-8.350000
10.833333,0.740000,0.630000,1.160000,193.220000,-5.850000,-8.270000
10.866667,0.740000,0.630000,1.160000,193.260000,-5.990000,-8.190000
10.900000,0.740000,0.640000,1.160000,193.300000,-6.130000,-8.100000
10.933333,0.740000,0.650000,1.160000,193.330000,-6.270000,-8.020000
10.966667,0.740000,0.650000,1.150000,193.370000,-6.420000,-7.940000
11.000000,0.740000,0.660000,1.150000,193.400000,-6.560000,-7.850000
11.033333,0.740000,0.670000,1.150000,193.440000,-6.700000,-7.770000
11.066667,0.740000,0.670000,1.150000,193.480000,-6.840000,-7.680000
11.100000,0.740000,0.680000,1.150000,193.510000,-6.980000,-7.600000
11.133333,0.740000,0.690000,1.150000,193.550000,-7.120000,-7.510000
11.166667,0.740000,0.700000,1.150000,193.590000,-7.260000,-7.430000
11.200000,0.740000,0.700000,1.150000,193.620000,-7.400000,-7.350000
11.233333,0.740000,0.710000,1.140000,193.660000,-7.540000,-7.260000
11.266667,0.740000,0.720000,1.140000,193.690000,-7.680000,-7.180000
11.300000,0.740000,0.720000,1.140000,193.730000,-7.820000,-7.090000
11.333333,0.740000,0.730000,1.140000,193.770000,-7.960000,-7.010000
11.366667,0.740000,0.740000,1.140000,193.800000,-8.100000,-6.930000
11.400000,0.740000,0.740000,1.140000,193.840000,-8.250000,-6.840000
11.433333,0.740000,0.750000,1.140000,193.880000,-8.390000,-6.760000
11.466667,0.740000,0.760000,1.140000,193.910000,-8.530000,-6.670000
11.500000,0.740000,0.770000,1.130000,193.950000,-8.670000,-6.590000
11.533333,0.740000,0.770000,1.130000,193.980000,-8.810000,-6.510000
11.566667,0.740000,0.780000,1.130000,194.020000,-8.950000,-6.420000
11.600000,0.730000,0.790000,1.130000,194.300000,-7.720000,-6.680000
11.633333,0.730000,0.790000,1.130000,194.570000,-6.480000,-6.940000
11.666667,0.730000,0.800000,1.130000,194.850000,-5.250000,-7.190000
11.700000,0.730000,0.810000,1.130000,195.120000,-4.020000,-7.450000
11.733333,0.730000,0.810000,1.130000,195.400000,-2.790000,-7.710000
11.766667,0.730000,0.820000,1.120000,195.680000,-1.550000,-7.970000
11.800000,0.730000,0.830000,1.120000,195.950000,-0.320000,-8.220000
11.833333,0.730000,0.840000,1.120000,196.230000,0.910000,-8.480000
11.866667,0.730000,0.830000,1.130000,196.500000,2.140000,-8.740000
11.900000,0.730000,0.830000,1.130000,196.780000,3.380000,-9.000000
11.933333,0.730000,0.820000,1.130000,197.060000,4.610000,-9.250000
11.966667,0.730000,0.820000,1.130000,197.330000,5.840000,-9.510000
12.000000,0.730000,0.820000,1.140000,197.610000,7.070000,-9.770000
12.033333,0.740000,0.810000,1.150000,197.880000,8.310000,-10.020000
12.066667,0.740000,0.810000,1.160000,198.160000,9.540000,-10.280000
12.100000,0.750000,0.810000,1.170000,198.440000,10.770000,-10.540000
12.133333,0.760000,0.800000,1.180000,198.710000,12.010000,-10.800000
12.166667,0.770000,0.800000,1.200000,198.990000,13.240000,-11.050000
12.200000,0.780000,0.800000,1.210000,198.650000,11.820000,-9.050000
12.233333,0.780000,0.790000,1.220000,198.300000,10.400000,-7.050000
12.266667,0.790000,0.790000,1.230000,197.960000,8.980000,-5.050000
12.300000,0.800000,0.790000,1.240000,197.620000,7.560000,-3.050000
12.333333,0.810000,0.780000,1.260000,197.270000,6.140000,-1.050000
12.366667,0.820000,0.780000,1.270000,196.930000,4.720000,0.950000
12.400000,0.820000,0.780000,1.280000,196.590000,3.300000,2.950000
12.433333,0.830000,0.770000,1.290000,196.240000,1.880000,4.950000
12.466667,0.840000,0.770000,1.300000,195.900000,0.460000,6.950000
12.500000,0.850000,0.760000,1.320000,195.560000,-0.960000,8.950000
12.533333,0.860000,0.760000,1.330000,195.210000,-2.380000,10.950000
12.566667,0.860000,0.760000,1.340000,194.870000,-3.800000,12.950000
12.600000,0.870000,0.750000,1.350000,194.530000,-5.220000,14.950000
12.633333,0.880000,0.750000,1.360000,194.190000,-6.640000,16.960000
12.666667,0.890000,0.750000,1.380000,193.840000,-8.060000,18.960000
12.700000,0.900000,0.740000,1.390000,193.500000,-9.480000,20.960000
12.733333,0.900000,0.740000,1.400000,193.160000,-10.900000,22.960000
12.766667,0.910000,0.740000,1.410000,192.810000,-12.320000,24.960000
12.800000,0.910000,0.730000,1.410000,192.470000,-13.740000,26.960000
12.833333,0.910000,0.730000,1.400000,192.130000,-15.160000,28.960000
12.866667,0.910000,0.730000,1.400000,191.780000,-16.580000,30.960000
12.900000,0.910000,0.720000,1.400000,191.440000,-18.000000,32.960000
12.933333,0.910000,0.720000,1.390000,191.100000,-19.420000,34.960000
12.966667,0.910000,0.710000,1.390000,190.060000,-18.470000,35.350000
13.000000,0.910000,0.710000,1.380000,189.020000,-17.530000,35.740000
13.033333,0.910000,0.710000,1.380000,187.980000,-16.580000,36.140000
13.066667,0.910000,0.720000,1.370000,186.940000,-15.630000,36.530000
13.100000,0.910000,0.720000,1.360000,185.900000,-14.690000,36.920000
13.133333,0.910000,0.720000,1.350000,184.860000,-13.740000,37.310000
13.166667,0.900000,0.730000,1.340000,183.820000,-12.800000,37.700000
13.200000,0.900000,0.730000,1.340000,182.780000,-11.850000,38.100000
13.233333,0.900000,0.730000,1.330000,181.740000,-10.910000,38.490000
13.266667,0.900000,0.740000,1.320000,180.700000,-9.960000,38.880000
13.300000,0.900000,0.740000,1.310000,179.660000,-9.020000,39.270000
13.333333,0.900000,0.740000,1.300000,178.620000,-8.070000,39.660000
13.366667,0.900000,0.750000,1.300000,177.580000,-7.120000,40.050000
13.400000,0.890000,0.750000,1.290000,176.550000,-6.180000,40.450000
13.433333,0.890000,0.750000,1.280000,175.510000,-5.230000,40.840000
13.466667,0.890000,0.760000,1.270000,174.470000,-4.290000,41.230000
13.500000,0.890000,0.760000,1.260000,173.430000,-3.340000,41.620000
13.533333,0.890000,0.760000,1.260000,172.390000,-2.400000,42.010000
13.566667,0.890000,0.770000,1.250000,171.350000,-1.450000,42.400000
13.600000,0.890000,0.770000,1.240000,170.310000,-0.510000,42.800000
13.633333,0.890000,0.770000,1.230000,169.270000,0.440000,43.190000
13.666667,0.880000,0.780000,1.220000,168.230000,1.390000,43.580000
13.700000,0.880000,0.780000,1.220000,167.190000,2.330000,43.970000
13.733333,0.880000,0.790000,1.220000,166.150000,3.280000,44.360000
13.766667,0.880000,0.790000,1.220000,165.110000,4.220000,44.760000
13.800000,0.880000,0.800000,1.230000,164.070000,5.170000,45.150000
13.833333,0.880000,0.810000,1.230000,163.030000,6.110000,45.540000
13.866667,0.880000,0.820000,1.230000,161.990000,7.060000,45.930000
13.900000,0.880000,0.820000,1.240000,160.950000,8.010000,46.320000
13.933333,0.870000,0.830000,1.230000,161.190000,8.060000,46.360000
13.966667,0.860000,0.840000,1.220000,161.420000,8.120000,46.400000
14.000000,0.860000,0.850000,1.210000,161.650000,8.180000,46.440000
14.033333,0.850000,0.860000,1.200000,161.890000,8.240000,46.480000
14.066667,0.840000,0.870000,1.190000,162.120000,8.300000,46.520000
14.100000,0.830000,0.880000,1.180000,162.350000,8.350000,46.560000
14.133333,0.830000,0.890000,1.170000,162.590000,8.410000,46.600000
14.166667,0.820000,0.890000,1.160000,162.820000,8.470000,46.640000
14.200000,0.810000,0.900000,1.150000,163.050000,8.530000,46.680000
14.233333,0.800000,0.910000,1.140000,163.290000,8.590000,46.720000
14.266667,0.800000,0.920000,1.130000,163.520000,8.650000,46.760000
14.300000,0.790000,0.930000,1.120000,163.760000,8.700000,46.800000
14.333333,0.780000,0.940000,1.110000,163.990000,8.760000,46.840000
14.366667,0.770000,0.950000,1.100000,164.220000,8.820000,46.880000
14.400000,0.760000,0.960000,1.090000,164.460000,8.880000,46.920000
14.433333,0.760000,0.960000,1.080000,164.690000,8.940000,46.960000
14.466667,0.750000,0.970000,1.070000,164.920000,9.000000,47.000000
14.500000,0.740000,0.980000,1.060000,165.160000,9.050000,47.040000
14.533333,0.730000,0.990000,1.050000,165.390000,9.110000,47.080000
14.566667,0.730000,1.000000,1.040000,165.620000,9.170000,47.120000
14.600000,0.720000,1.010000,1.030000,165.860000,9.230000,47.160000
14.633333,0.710000,1.020000,1.020000,166.090000,9.290000,47.200000
14.666667,0.720000,1.010000,1.030000,166.330000,9.340000,47.240000
14.700000,0.720000,0.990000,1.040000,166.560000,9.400000,47.280000
14.733333,0.720000,0.980000,1.050000,166.790000,9.460000,47.320000
14.766667,0.730000,0.970000,1.060000,167.030000,9.520000,47.360000
14.800000,0.730000,0.960000,1.070000,167.260000,9.580000,47.400000
14.833333,0.740000,0.950000,1.080000,167.490000,9.640000,47.440000
14.866667,0.740000,0.930000,1.090000,167.730000,9.690000,47.480000
14.900000,0.750000,0.920000,1.100000,167.960000,9.750000,47.520000
14.933333,0.750000,0.910000,1.110000,168.190000,9.810000,47.560000
14.966667,0.750000,0.900000,1.120000,168.430000,9.870000,47.600000
15.000000,0.760000,0.890000,1.130000,168.660000,9.930000,47.640000
15.033333,0.760000,0.870000,1.140000,168.890000,9.990000,47.680000
15.066667,0.770000,0.860000,1.150000,169.130000,10.040000,47.720000
15.100000,0.770000,0.850000,1.160000,169.400000,9.700000,46.790000
15.133333,0.770000,0.850000,1.160000,169.680000,9.350000,45.860000
15.166667,0.770000,0.860000,1.160000,169.950000,9.010000,44.920000
15.200000,0.770000,0.860000,1.160000,170.230000,8.660000,43.990000
15.233333,0.780000,0.870000,1.160000,170.500000,8.320000,43.060000
15.266667,0.780000,0.870000,1.160000,170.770000,7.970000,42.130000
15.300000,0.780000,0.870000,1.150000,171.050000,7.630000,41.200000
15.333333,0.780000,0.880000,1.150000,171.320000,7.280000,40.270000
15.366667,0.780000,0.880000,1.150000,171.600000,6.940000,39.330000
15.400000,0.780000,0.890000,1.150000,171.870000,6.590000,38.400000
15.433333,0.780000,0.890000,1.150000,172.140000,6.240000,37.470000
15.466667,0.780000,0.890000,1.150000,173.480000,6.210000,37.670000
15.500000,0.780000,0.900000,1.150000,174.810000,6.170000,37.860000
15.533333,0.780000,0.890000,1.140000,175.720000,5.150000,38.480000
15.566667,0.770000,0.880000,1.130000,176.630000,4.130000,39.100000
15.600000,0.770000,0.870000,1.120000,177.530000,3.120000,39.710000
15.633333,0.760000,0.860000,1.120000,178.440000,2.100000,40.330000
15.666667,0.760000,0.850000,1.110000,179.350000,1.080000,40.940000
15.700000,0.760000,0.840000,1.100000,180.250000,0.070000,41.560000
15.733333,0.750000,0.840000,1.090000,181.160000,-0.950000,42.180000
15.766667,0.750000,0.830000,1.090000,182.060000,-1.970000,42.790000
15.800000,0.740000,0.820000,1.080000,181.860000,-2.490000,42.730000
15.833333,0.740000,0.810000,1.070000,181.670000,-3.020000,42.670000
15.866667,0.730000,0.800000,1.060000,181.470000,-3.550000,42.610000
15.900000,0.730000,0.790000,1.060000,181.270000,-4.070000,42.550000
15.933333,0.730000,0.780000,1.050000,181.070000,-4.600000,42.490000
15.966667,0.720000,0.770000,1.040000,180.870000,-5.130000,42.430000
16.000000,0.720000,0.760000,1.030000,180.670000,-5.650000,42.370000
16.033333,0.710000,0.760000,1.030000,180.470000,-6.180000,42.310000
16.066667,0.710000,0.750000,1.020000,180.270000,-6.700000,42.250000
16.100000,0.700000,0.740000,1.010000,180.070000,-7.230000,42.190000
16.133333,0.700000,0.730000,1.000000,179.870000,-7.760000,42.120000
16.166667,0.700000,0.720000,1.000000,179.670000,-8.280000,42.060000
16.200000,0.690000,0.710000,0.990000,179.470000,-8.810000,42.000000
16.233333,0.690000,0.700000,0.980000,179.280000,-9.330000,41.940000
16.266667,0.680000,0.690000,0.980000,179.080000,-9.860000,41.880000
16.300000,0.680000,0.680000,0.970000,178.880000,-10.390000,41.820000
16.333333,0.670000,0.680000,0.960000,178.680000,-10.910000,41.760000
16.366667,0.670000,0.670000,0.950000,178.480000,-11.440000,41.700000
16.400000,0.670000,0.660000,0.950000,178.280000,-11.970000,41.640000
16.433333,0.660000,0.650000,0.940000,178.080000,-12.490000,41.580000
16.466667,0.660000,0.650000,0.940000,177.880000,-13.020000,41.520000
16.500000,0.660000,0.660000,0.940000,177.680000,-13.540000,41.460000
16.533333,0.660000,0.660000,0.930000,177.480000,-14.070000,41.400000
16.566667,0.660000,0.660000,0.930000,177.280000,-14.600000,41.340000
16.600000,0.660000,0.670000,0.930000,177.080000,-15.120000,41.270000
16.633333,0.650000,0.670000,0.930000,176.890000,-15.650000,41.210000
16.666667,0.650000,0.680000,0.930000,176.210000,-14.960000,40.150000
16.700000,0.650000,0.680000,0.930000,175.530000,-14.280000,39.090000
16.733333,0.650000,0.680000,0.930000,174.860000,-13.590000,38.020000
16.766667,0.650000,0.690000,0.930000,174.180000,-12.900000,36.960000
16.800000,0.650000,0.690000,0.930000,173.500000,-12.210000,35.900000
16.833333,0.650000,0.700000,0.920000,172.830000,-11.530000,34.840000
16.866667,0.650000,0.700000,0.920000,172.150000,-10.840000,33.770000
16.900000,0.650000,0.700000,0.920000,171.470000,-10.150000,32.710000
16.933333,0.650000,0.710000,0.920000,170.800000,-9.470000,31.650000
16.966667,0.640000,0.710000,0.920000,170.120000,-8.780000,30.580000
17.000000,0.640000,0.720000,0.920000,169.440000,-8.090000,29.520000
17.033333,0.640000,0.720000,0.920000,168.770000,-7.410000,28.460000
17.066667,0.640000,0.720000,0.920000,168.090000,-6.720000,27.390000
17.100000,0.640000,0.730000,0.910000,168.390000,-6.270000,27.520000
17.133333,0.640000,0.730000,0.910000,168.680000,-5.820000,27.650000
17.166667,0.640000,0.740000,0.910000,168.970000,-5.370000,27.780000
17.200000,0.640000,0.740000,0.910000,169.270000,-4.920000,27.910000
17.233333,0.640000,0.740000,0.920000,169.560000,-4.470000,28.040000
17.266667,0.640000,0.750000,0.920000,169.860000,-4.020000,28.170000
17.300000,0.650000,0.750000,0.920000,170.150000,-3.570000,28.300000
17.333333,0.650000,0.760000,0.920000,170.450000,-3.120000,28.430000
17.366667,0.650000,0.760000,0.920000,170.740000,-2.670000,28.560000
17.400000,0.650000,0.760000,0.920000,171.030000,-2.230000,28.690000
17.433333,0.650000,0.770000,0.930000,171.330000,-1.780000,28.820000
17.466667,0.660000,0.770000,0.930000,171.620000,-1.330000,28.950000
17.500000,0.660000,0.780000,0.930000,171.920000,-0.880000,29.080000
17.533333,0.660000,0.780000,0.930000,172.210000,-0.430000,29.210000
17.566667,0.660000,0.780000,0.930000,172.510000,0.020000,29.340000
17.600000,0.660000,0.790000,0.930000,172.800000,0.470000,29.470000
17.633333,0.670000,0.790000,0.930000,173.100000,0.920000,29.590000
17.666667,0.670000,0.790000,0.940000,173.390000,1.370000,29.720000
17.700000,0.670000,0.800000,0.940000,173.680000,1.820000,29.850000
17.733333,0.670000,0.800000,0.940000,173.980000,2.270000,29.980000
17.766667,0.670000,0.810000,0.940000,174.270000,2.720000,30.110000
17.800000,0.680000,0.810000,0.940000,174.570000,3.170000,30.240000
17.833333,0.680000,0.810000,0.940000,174.860000,3.620000,30.370000
17.866667,0.680000,0.820000,0.950000,175.160000,4.070000,30.500000
17.900000,0.680000,0.820000,0.950000,175.450000,4.520000,30.630000
17.933333,0.680000,0.820000,0.950000,175.740000,4.960000,30.760000
17.966667,0.690000,0.830000,0.950000,176.040000,5.410000,30.890000
18.000000,0.690000,0.830000,0.950000,176.330000,5.860000,31.020000
18.033333,0.690000,0.840000,0.950000,176.630000,6.310000,31.150000
18.066667,0.690000,0.840000,0.960000,176.920000,6.760000,31.280000
18.100000,0.690000,0.840000,0.960000,177.220000,7.210000,31.410000
18.133333,0.690000,0.850000,0.960000,177.510000,7.660000,31.540000
18.166667,0.700000,0.850000,0.960000,177.800000,8.110000,31.670000
18.200000,0.700000,0.850000,0.970000,177.170000,7.560000,31.260000
18.233333,0.700000,0.840000,0.970000,176.540000,7.000000,30.850000
18.266667,0.700000,0.840000,0.980000,175.910000,6.450000,30.440000
18.300000,0.700000,0.830000,0.980000,175.280000,5.900000,30.020000
18.333333,0.700000,0.830000,0.990000,174.650000,5.340000,29.610000
18.366667,0.700000,0.820000,1.000000,174.020000,4.790000,29.200000
18.400000,0.700000,0.820000,1.000000,173.380000,4.240000,28.790000
18.433333,0.700000,0.810000,1.010000,172.750000,3.680000,28.380000
18.466667,0.700000,0.810000,1.020000,172.120000,3.130000,27.970000
18.500000,0.700000,0.810000,1.020000,171.490000,2.580000,27.560000
18.533333,0.700000,0.800000,1.030000,170.860000,2.020000,27.150000
18.566667,0.700000,0.800000,1.030000,170.980000,1.430000,25.510000
18.600000,0.700000,0.790000,1.040000,171.100000,0.830000,23.870000
18.633333,0.700000,0.790000,1.050000,171.230000,0.230000,22.230000
18.666667,0.700000,0.780000,1.050000,171.350000,-0.360000,20.590000
18.700000,0.700000,0.780000,1.060000,171.470000,-0.960000,18.960000
18.733333,0.700000,0.790000,1.070000,171.600000,-1.560000,17.320000
18.766667,0.710000,0.790000,1.070000,171.720000,-2.150000,15.680000
18.800000,0.720000,0.800000,1.080000,171.840000,-2.750000,14.040000
18.833333,0.730000,0.810000,1.090000,171.970000,-3.350000,12.400000
18.866667,0.740000,0.820000,1.090000,172.090000,-3.940000,10.760000
18.900000,0.750000,0.830000,1.100000,172.210000,-4.540000,9.120000
18.933333,0.750000,0.830000,1.110000,172.340000,-5.140000,7.480000
18.966667,0.760000,0.840000,1.120000,172.460000,-5.730000,5.840000
19.000000,0.770000,0.850000,1.120000,172.580000,-6.330000,4.200000
19.033333,0.780000,0.860000,1.130000,172.710000,-6.930000,2.560000
19.066667,0.790000,0.870000,1.140000,172.830000,-7.520000,0.920000
19.100000,0.790000,0.880000,1.140000,172.950000,-8.120000,-0.720000
19.133333,0.800000,0.880000,1.150000,173.080000,-8.720000,-2.360000
19.166667,0.810000,0.890000,1.160000,173.200000,-9.310000,-4.000000
19.200000,0.820000,0.900000,1.170000,173.320000,-9.910000,-5.640000
19.233333,0.830000,0.910000,1.170000,173.450000,-10.510000,-7.280000
19.266667,0.830000,0.920000,1.180000,173.570000,-11.100000,-8.910000
19.300000,0.840000,0.920000,1.190000,173.690000,-11.700000,-10.550000
19.333333,0.850000,0.930000,1.190000,173.820000,-12.300000,-12.190000
19.366667,0.860000,0.940000,1.200000,173.940000,-12.890000,-13.830000
19.400000,0.870000,0.950000,1.210000,174.060000,-13.490000,-15.470000
19.433333,0.870000,0.960000,1.210000,174.190000,-14.090000,-17.110000
19.466667,0.880000,0.960000,1.220000,174.310000,-14.680000,-18.750000
19.500000,0.890000,0.970000,1.230000,174.650000,-14.480000,-18.350000
19.533333,0.900000,0.980000,1.240000,175.000000,-14.280000,-17.940000
19.566667,0.910000,0.990000,1.240000,175.340000,-14.090000,-17.540000
19.600000,0.910000,1.000000,1.250000,175.680000,-13.890000,-17.140000
19.633333,0.920000,1.000000,1.260000,176.030000,-13.690000,-16.740000
19.666667,0.920000,1.000000,1.260000,176.370000,-13.490000,-16.330000
19.700000,0.920000,1.000000,1.260000,176.710000,-13.290000,-15.930000
19.733333,0.920000,0.990000,1.260000,177.060000,-13.090000,-15.530000
19.766667,0.920000,0.990000,1.260000,177.400000,-12.890000,-15.120000
19.800000,0.920000,0.980000,1.260000,177.740000,-12.690000,-14.720000
19.833333,0.920000,0.980000,1.260000,178.080000,-12.490000,-14.320000
19.866667,0.920000,0.970000,1.260000,178.430000,-12.300000,-13.910000
19.900000,0.920000,0.970000,1.260000,178.770000,-12.100000,-13.510000
19.933333,0.920000,0.960000,1.260000,179.110000,-11.900000,-13.110000
19.966667,0.920000,0.960000,1.260000,179.400000,-11.650000,-13.100000
20.000000,0.920000,0.950000,1.260000,179.680000,-11.410000,-13.080000
20.033333,0.920000,0.950000,1.260000,179.970000,-11.160000,-13.070000
20.066667,0.920000,0.940000,1.260000,180.250000,-10.920000,-13.060000
20.100000,0.920000,0.940000,1.260000,180.530000,-10.670000,-13.050000
20.133333,0.910000,0.930000,1.260000,180.820000,-10.430000,-13.030000
20.166667,0.910000,0.930000,1.250000,181.100000,-10.180000,-13.020000
20.200000,0.910000,0.930000,1.240000,181.390000,-9.940000,-13.010000
20.233333,0.910000,0.920000,1.220000,181.670000,-9.690000,-13.000000
20.266667,0.900000,0.920000,1.210000,181.950000,-9.450000,-12.990000
20.300000,0.900000,0.910000,1.190000,182.240000,-9.200000,-12.970000
20.333333,0.900000,0.910000,1.180000,181.400000,-9.260000,-14.520000
20.366667,0.900000,0.900000,1.170000,180.570000,-9.310000,-16.070000
20.400000,0.890000,0.900000,1.150000,179.730000,-9.360000,-17.610000
20.433333,0.890000,0.890000,1.140000,178.900000,-9.420000,-19.160000
20.466667,0.890000,0.890000,1.130000,178.060000,-9.470000,-20.710000
20.500000,0.880000,0.890000,1.110000,177.230000,-9.520000,-22.250000
20.533333,0.880000,0.880000,1.100000,176.450000,-8.230000,-21.360000
20.566667,0.880000,0.880000,1.090000,175.680000,-6.940000,-20.460000
20.600000,0.880000,0.870000,1.070000,174.910000,-5.640000,-19.570000
20.633333,0.870000,0.870000,1.060000,174.130000,-4.350000,-18.670000
20.666667,0.870000,0.860000,1.050000,173.360000,-3.050000,-17.770000
20.700000,0.870000,0.860000,1.030000,172.590000,-1.760000,-16.880000
20.733333,0.870000,0.860000,1.020000,171.810000,-0.470000,-15.980000
20.766667,0.860000,0.850000,1.010000,171.040000,0.830000,-15.090000
20.800000,0.860000,0.850000,0.990000,170.270000,2.120000,-14.190000
20.833333,0.860000,0.840000,0.980000,169.490000,3.410000,-13.290000
20.866667,0.850000,0.840000,0.970000,168.720000,4.710000,-12.400000
20.900000,0.850000,0.830000,0.950000,167.950000,6.000000,-11.500000
20.933333,0.850000,0.830000,0.940000,167.170000,7.290000,-10.610000
20.966667,0.850000,0.820000,0.930000,166.400000,8.590000,-9.710000
21.000000,0.840000,0.820000,0.910000,165.620000,9.880000,-8.810000
21.033333,0.840000,0.820000,0.900000,164.850000,11.170000,-7.920000
21.066667,0.840000,0.810000,0.890000,164.080000,12.470000,-7.020000
21.100000,0.840000,0.810000,0.870000,163.300000,13.760000,-6.130000
21.133333,0.830000,0.810000,0.870000,162.440000,13.200000,-5.000000
21.166667,0.820000,0.810000,0.870000,161.580000,12.650000,-3.880000
21.200000,0.810000,0.820000,0.860000,160.710000,12.090000,-2.750000
21.233333,0.800000,0.820000,0.860000,159.850000,11.530000,-1.630000
21.266667,0.790000,0.820000,0.850000,158.990000,10.980000,-0.510000
21.300000,0.780000,0.820000,0.850000,158.120000,10.420000,0.620000
21.333333,0.770000,0.830000,0.840000,157.260000,9.860000,1.740000
21.366667,0.770000,0.830000,0.840000,156.390000,9.300000,2.860000
21.400000,0.760000,0.830000,0.840000,155.530000,8.750000,3.990000
21.433333,0.750000,0.840000,0.830000,157.360000,9.480000,4.650000
21.466667,0.740000,0.840000,0.830000,159.200000,10.210000,5.320000
21.500000,0.730000,0.840000,0.820000,161.030000,10.940000,5.990000
21.533333,0.720000,0.850000,0.820000,162.860000,11.660000,6.660000
21.566667,0.710000,0.850000,0.820000,164.700000,12.390000,7.330000
21.600000,0.700000,0.850000,0.810000,166.530000,13.120000,7.990000
21.633333,0.690000,0.850000,0.810000,168.360000,13.850000,8.660000
21.666667,0.690000,0.860000,0.800000,170.200000,14.580000,9.330000
21.700000,0.680000,0.860000,0.800000,172.030000,15.310000,10.000000
21.733333,0.670000,0.860000,0.790000,173.860000,16.040000,10.660000
21.766667,0.660000,0.870000,0.790000,175.700000,16.770000,11.330000
21.800000,0.650000,0.870000,0.790000,177.530000,17.500000,12.000000
21.833333,0.640000,0.870000,0.780000,179.360000,18.230000,12.670000
21.866667,0.630000,0.870000,0.780000,181.200000,18.960000,13.330000
21.900000,0.620000,0.880000,0.770000,183.030000,19.690000,14.000000
21.933333,0.620000,0.880000,0.770000,184.860000,20.420000,14.670000
21.966667,0.610000,0.880000,0.770000,186.700000,21.150000,15.340000
22.000000,0.600000,0.890000,0.760000,188.530000,21.880000,16.010000
22.033333,0.600000,0.880000,0.770000,190.360000,22.610000,16.670000
22.066667,0.610000,0.880000,0.790000,192.190000,23.340000,17.340000
22.100000,0.620000,0.870000,0.800000,194.030000,24.070000,18.010000
22.133333,0.620000,0.870000,0.820000,195.860000,24.790000,18.680000
22.166667,0.630000,0.860000,0.830000,197.690000,25.520000,19.340000
22.200000,0.630000,0.860000,0.840000,199.530000,26.250000,20.010000
22.233333,0.640000,0.850000,0.860000,201.360000,26.980000,20.680000
22.266667,0.650000,0.850000,0.870000,200.990000,26.390000,21.520000
22.300000,0.650000,0.840000,0.880000,200.620000,25.790000,22.350000
22.333333,0.660000,0.840000,0.900000,200.250000,25.200000,23.190000
22.366667,0.660000,0.830000,0.910000,199.880000,24.610000,24.020000
22.400000,0.670000,0.840000,0.920000,199.510000,24.010000,24.860000
22.433333,0.670000,0.840000,0.930000,199.140000,23.420000,25.700000
22.466667,0.680000,0.840000,0.930000,198.770000,22.820000,26.530000
22.500000,0.680000,0.850000,0.940000,198.400000,22.230000,27.370000
22.533333,0.680000,0.850000,0.950000,198.030000,21.630000,28.200000
22.566667,0.690000,0.860000,0.960000,197.660000,21.040000,29.040000
22.600000,0.690000,0.860000,0.960000,197.290000,20.450000,29.880000
22.633333,0.700000,0.860000,0.970000,196.920000,19.850000,30.710000
22.666667,0.700000,0.870000,0.980000,196.550000,19.260000,31.550000
22.700000,0.710000,0.870000,0.990000,196.180000,18.660000,32.380000
22.733333,0.710000,0.870000,0.990000,195.810000,18.070000,33.220000
22.766667,0.710000,0.880000,1.000000,195.440000,17.470000,34.060000
22.800000,0.720000,0.880000,1.010000,195.060000,16.880000,34.890000
22.833333,0.720000,0.880000,1.010000,194.690000,16.290000,35.730000
22.866667,0.720000,0.880000,1.020000,194.320000,15.690000,36.560000
22.900000,0.720000,0.880000,1.020000,193.950000,15.100000,37.400000
22.933333,0.720000,0.880000,1.030000,193.580000,14.500000,38.240000
22.966667,0.720000,0.870000,1.030000,193.210000,13.910000,39.070000
23.000000,0.720000,0.870000,1.040000,192.840000,13.310000,39.910000
23.033333,0.720000,0.870000,1.040000,192.470000,12.720000,40.740000
23.066667,0.720000,0.870000,1.050000,192.100000,12.130000,41.580000
23.100000,0.720000,0.870000,1.050000,191.730000,11.530000,42.420000
23.133333,0.720000,0.870000,1.060000,191.360000,10.940000,43.250000
23.166667,0.720000,0.870000,1.060000,191.980000,10.450000,42.170000
23.200000,0.720000,0.860000,1.060000,192.610000,9.970000,41.080000
23.233333,0.720000,0.860000,1.070000,193.230000,9.490000,40.000000
23.266667,0.720000,0.860000,1.070000,193.850000,9.010000,38.910000
23.300000,0.730000,0.860000,1.080000,194.480000,8.530000,37.820000
23.333333,0.730000,0.860000,1.080000,195.100000,8.050000,36.740000
23.366667,0.720000,0.860000,1.090000,195.720000,7.560000,35.650000
23.400000,0.720000,0.870000,1.100000,196.340000,7.080000,34.570000
23.433333,0.710000,0.870000,1.110000,196.970000,6.600000,33.480000
23.466667,0.710000,0.870000,1.110000,197.590000,6.120000,32.400000
23.500000,0.700000,0.880000,1.120000,198.210000,5.640000,31.310000
23.533333,0.700000,0.880000,1.130000,198.840000,5.150000,30.230000
23.566667,0.690000,0.880000,1.140000,199.460000,4.670000,29.140000
23.600000,0.690000,0.890000,1.150000,200.080000,4.190000,28.060000
23.633333,0.690000,0.890000,1.150000,200.710000,3.710000,26.970000
23.666667,0.680000,0.890000,1.160000,201.330000,3.230000,25.890000
23.700000,0.680000,0.900000,1.170000,201.950000,2.750000,24.800000
23.733333,0.670000,0.900000,1.180000,202.570000,2.260000,23.710000
23.766667,0.670000,0.900000,1.190000,203.200000,1.780000,22.630000
23.800000,0.660000,0.910000,1.190000,203.820000,1.300000,21.540000
23.833333,0.660000,0.910000,1.200000,203.100000,1.450000,21.430000
23.866667,0.650000,0.910000,1.210000,202.370000,1.610000,21.320000
23.900000,0.650000,0.920000,1.220000,201.650000,1.760000,21.210000
23.933333,0.640000,0.920000,1.230000,200.920000,1.920000,21.100000
23.966667,0.640000,0.920000,1.230000,200.200000,2.070000,20.990000
24.000000,0.640000,0.930000,1.240000,199.470000,2.220000,20.880000
24.033333,0.630000,0.930000,1.250000,198.750000,2.380000,20.770000
24.066667,0.630000,0.930000,1.260000,198.020000,2.530000,20.660000
24.100000,0.620000,0.940000,1.270000,197.300000,2.690000,20.540000
24.133333,0.620000,0.940000,1.270000,197.660000,3.250000,20.610000
24.166667,0.610000,0.940000,1.280000,198.010000,3.820000,20.670000
24.200000,0.610000,0.950000,1.290000,198.370000,4.390000,20.730000
24.233333,0.620000,0.940000,1.280000,198.730000,4.950000,20.790000
24.266667,0.630000,0.940000,1.270000,199.080000,5.520000,20.860000
24.300000,0.640000,0.940000,1.260000,199.440000,6.090000,20.920000
24.333333,0.650000,0.930000,1.250000,199.800000,6.650000,20.980000
24.366667,0.650000,0.930000,1.240000,200.150000,7.220000,21.040000
24.400000,0.660000,0.920000,1.230000,200.510000,7.780000,21.110000
24.433333,0.670000,0.920000,1.230000,200.870000,8.350000,21.170000
24.466667,0.680000,0.920000,1.220000,201.220000,8.920000,21.230000
24.500000,0.690000,0.910000,1.210000,201.580000,9.480000,21.290000
24.533333,0.700000,0.910000,1.200000,201.940000,10.050000,21.360000
24.566667,0.710000,0.900000,1.190000,202.290000,10.620000,21.420000
24.600000,0.720000,0.900000,1.180000,202.650000,11.180000,21.480000
24.633333,0.730000,0.900000,1.170000,203.010000,11.750000,21.540000
24.666667,0.740000,0.890000,1.160000,203.370000,12.320000,21.610000
24.700000,0.750000,0.890000,1.150000,203.720000,12.880000,21.670000
24.733333,0.760000,0.890000,1.140000,204.080000,13.450000,21.730000
24.766667,0.770000,0.880000,1.130000,203.860000,13.300000,21.850000
24.800000,0.770000,0.880000,1.130000,203.630000,13.160000,21.960000
24.833333,0.780000,0.870000,1.120000,203.410000,13.010000,22.070000
24.866667,0.790000,0.870000,1.110000,203.190000,12.870000,22.190000
24.900000,0.800000,0.870000,1.100000,202.970000,12.720000,22.300000
24.933333,0.810000,0.860000,1.090000,202.750000,12.580000,22.420000
24.966667,0.810000,0.860000,1.090000,202.520000,12.430000,22.530000
25.000000,0.800000,0.860000,1.090000,202.300000,12.290000,22.640000
25.033333,0.790000,0.860000,1.100000,201.680000,12.860000,22.540000
25.066667,0.790000,0.850000,1.100000,201.060000,13.420000,22.430000
25.100000,0.780000,0.850000,1.100000,200.440000,13.990000,22.320000
25.133333,0.780000,0.850000,1.100000,199.810000,14.560000,22.220000
25.166667,0.770000,0.850000,1.100000,199.190000,15.130000,22.110000
25.200000,0.760000,0.840000,1.110000,198.570000,15.700000,22.000000
25.233333,0.760000,0.840000,1.110000,197.950000,16.270000,21.890000
25.266667,0.750000,0.840000,1.110000,197.330000,16.840000,21.790000
25.300000,0.750000,0.840000,1.110000,196.710000,17.410000,21.680000
25.333333,0.740000,0.830000,1.110000,196.080000,17.980000,21.570000
25.366667,0.730000,0.830000,1.120000,195.460000,18.550000,21.460000
25.400000,0.730000,0.830000,1.120000,194.840000,19.120000,21.360000
25.433333,0.720000,0.830000,1.120000,194.220000,19.690000,21.250000
25.466667,0.720000,0.820000,1.120000,193.600000,20.260000,21.140000
25.500000,0.710000,0.820000,1.130000,192.980000,20.830000,21.040000
25.533333,0.700000,0.820000,1.130000,192.350000,21.390000,20.930000
25.566667,0.700000,0.820000,1.130000,191.730000,21.960000,20.820000
25.600000,0.690000,0.810000,1.130000,191.110000,22.530000,20.710000
25.633333,0.690000,0.810000,1.130000,190.490000,23.100000,20.610000
25.666667,0.680000,0.810000,1.140000,189.870000,23.670000,20.500000
25.700000,0.670000,0.810000,1.140000,189.250000,24.240000,20.390000
25.733333,0.670000,0.800000,1.140000,188.620000,24.810000,20.280000
25.766667,0.660000,0.800000,1.140000,188.000000,25.380000,20.180000
25.800000,0.660000,0.800000,1.150000,187.380000,25.950000,20.070000
25.833333,0.650000,0.800000,1.150000,186.760000,26.520000,19.960000
25.866667,0.660000,0.790000,1.150000,186.140000,27.090000,19.860000
25.900000,0.680000,0.790000,1.150000,185.260000,26.910000,20.670000
25.933333,0.690000,0.790000,1.150000,184.390000,26.740000,21.490000
25.966667,0.710000,0.780000,1.150000,183.510000,26.570000,22.310000
26.000000,0.720000,0.780000,1.160000,182.640000,26.400000,23.130000
26.033333,0.740000,0.770000,1.160000,181.760000,26.230000,23.950000
26.066667,0.750000,0.770000,1.160000,180.890000,26.050000,24.760000
26.100000,0.770000,0.770000,1.160000,180.020000,25.880000,25.580000
26.133333,0.780000,0.760000,1.160000,179.140000,25.710000,26.400000
26.166667,0.790000,0.760000,1.170000,178.270000,25.540000,27.220000
26.200000,0.810000,0.760000,1.170000,177.390000,25.360000,28.040000
26.233333,0.820000,0.750000,1.170000,176.520000,25.190000,28.860000
26.266667,0.840000,0.750000,1.170000,175.640000,25.020000,29.670000
26.300000,0.850000,0.750000,1.170000,174.770000,24.850000,30.490000
26.333333,0.870000,0.740000,1.180000,173.890000,24.670000,31.310000
26.366667,0.880000,0.740000,1.180000,173.020000,24.500000,32.130000
26.400000,0.900000,0.740000,1.180000,172.140000,24.330000,32.950000
26.433333,0.910000,0.730000,1.180000,172.140000,24.150000,33.020000
26.466667,0.920000,0.730000,1.180000,172.140000,23.970000,33.090000
26.500000,0.920000,0.730000,1.190000,172.130000,23.790000,33.170000
26.533333,0.920000,0.730000,1.190000,172.130000,23.610000,33.240000
26.566667,0.910000,0.720000,1.190000,172.120000,23.430000,33.310000
26.600000,0.910000,0.720000,1.200000,172.120000,23.250000,33.390000
26.633333,0.910000,0.720000,1.200000,172.110000,23.060000,33.460000
26.666667,0.900000,0.720000,1.200000,172.110000,22.880000,33.540000
26.700000,0.900000,0.710000,1.210000,172.100000,22.700000,33.610000
26.733333,0.900000,0.710000,1.210000,172.100000,22.520000,33.680000
26.766667,0.890000,0.710000,1.220000,172.090000,22.340000,33.760000
26.800000,0.890000,0.710000,1.220000,172.090000,22.160000,33.830000
26.833333,0.890000,0.700000,1.220000,172.080000,21.980000,33.900000
26.866667,0.880000,0.700000,1.230000,172.080000,21.800000,33.980000
26.900000,0.880000,0.700000,1.230000,172.070000,21.620000,34.050000
26.933333,0.880000,0.700000,1.230000,172.070000,21.440000,34.120000
26.966667,0.870000,0.690000,1.240000,172.060000,21.260000,34.200000
27.000000,0.870000,0.690000,1.240000,172.060000,21.080000,34.270000
27.033333,0.860000,0.690000,1.240000,172.050000,20.900000,34.340000
27.066667,0.860000,0.690000,1.250000,172.050000,20.710000,34.420000
27.100000,0.860000,0.680000,1.250000,172.040000,20.530000,34.490000
27.133333,0.850000,0.680000,1.260000,172.040000,20.350000,34.570000
27.166667,0.850000,0.680000,1.260000,172.030000,20.170000,34.640000
27.200000,0.850000,0.680000,1.260000,172.030000,19.990000,34.710000
27.233333,0.840000,0.670000,1.270000,172.020000,19.810000,34.790000
27.266667,0.840000,0.670000,1.270000,172.020000,19.630000,34.860000
27.300000,0.840000,0.670000,1.270000,172.010000,19.450000,34.930000
27.333333,0.830000,0.670000,1.280000,172.010000,19.270000,35.010000
27.366667,0.830000,0.660000,1.280000,172.000000,19.090000,35.080000
27.400000,0.830000,0.660000,1.280000,172.000000,18.910000,35.150000
27.433333,0.820000,0.660000,1.290000,171.990000,18.730000,35.230000
27.466667,0.820000,0.660000,1.290000,171.570000,17.770000,35.470000
27.500000,0.820000,0.650000,1.300000,171.140000,16.810000,35.710000
27.533333,0.820000,0.650000,1.300000,170.710000,15.850000,35.950000
27.566667,0.820000,0.640000,1.310000,170.280000,14.890000,36.190000
27.600000,0.820000,0.640000,1.320000,169.850000,13.930000,36.430000
27.633333,0.820000,0.630000,1.320000,169.420000,12.970000,36.670000
27.666667,0.820000,0.620000,1.330000,169.000000,12.010000,36.920000
27.700000,0.820000,0.620000,1.340000,168.570000,11.050000,37.160000
27.733333,0.820000,0.610000,1.330000,168.140000,10.090000,37.400000
27.766667,0.820000,0.610000,1.330000,167.710000,9.130000,37.640000
27.800000,0.810000,0.610000,1.330000,167.280000,8.170000,37.880000
27.833333,0.810000,0.600000,1.330000,166.860000,7.200000,38.120000
27.866667,0.810000,0.600000,1.330000,166.430000,6.240000,38.360000
27.900000,0.800000,0.590000,1.330000,166.000000,5.280000,38.600000
27.933333,0.800000,0.590000,1.320000,165.570000,4.320000,38.850000
27.966667,0.800000,0.580000,1.320000,165.140000,3.360000,39.090000
28.000000,0.800000,0.580000,1.320000,164.720000,2.400000,39.330000
28.033333,0.790000,0.580000,1.320000,164.290000,1.440000,39.570000
28.066667,0.790000,0.570000,1.320000,163.860000,0.480000,39.810000
28.100000,0.790000,0.570000,1.310000,163.430000,-0.480000,40.050000
28.133333,0.780000,0.560000,1.310000,163.000000,-1.440000,40.290000
28.166667,0.780000,0.570000,1.300000,162.580000,-2.400000,40.530000
28.200000,0.780000,0.570000,1.290000,162.150000,-3.360000,40.780000
28.233333,0.770000,0.580000,1.290000,161.720000,-4.320000,41.020000
28.266667,0.770000,0.580000,1.280000,160.540000,-3.160000,39.850000
28.300000,0.770000,0.580000,1.270000,159.360000,-2.000000,38.690000
28.333333,0.770000,0.590000,1.260000,158.180000,-0.840000,37.530000
28.366667,0.760000,0.590000,1.250000,157.000000,0.310000,36.360000
28.400000,0.760000,0.600000,1.240000,155.820000,1.470000,35.200000
28.433333,0.760000,0.600000,1.240000,154.640000,2.630000,34.030000
28.466667,0.760000,0.610000,1.230000,153.460000,3.780000,32.870000
28.500000,0.750000,0.610000,1.220000,152.280000,4.940000,31.710000
28.533333,0.760000,0.610000,1.220000,151.100000,6.100000,30.540000
28.566667,0.760000,0.620000,1.230000,149.920000,7.260000,29.380000
28.600000,0.770000,0.620000,1.230000,148.740000,8.410000,28.220000
28.633333,0.770000,0.620000,1.230000,150.930000,7.900000,27.800000
28.666667,0.780000,0.630000,1.240000,153.120000,7.390000,27.380000
28.700000,0.780000,0.630000,1.240000,155.310000,6.880000,26.960000
28.733333,0.780000,0.640000,1.240000,157.500000,6.370000,26.540000
28.766667,0.790000,0.640000,1.250000,159.690000,5.860000,26.120000
28.800000,0.790000,0.640000,1.250000,161.880000,5.350000,25.700000
28.833333,0.800000,0.650000,1.250000,164.070000,4.840000,25.280000
28.866667,0.800000,0.650000,1.260000,166.260000,4.330000,24.860000
28.900000,0.800000,0.650000,1.250000,168.450000,3.820000,24.440000
28.933333,0.800000,0.640000,1.240000,170.640000,3.310000,24.020000
28.966667,0.800000,0.640000,1.240000,172.830000,2.800000,23.600000
29.000000,0.800000,0.630000,1.230000,175.020000,2.290000,23.180000
29.033333,0.790000,0.630000,1.230000,177.210000,1.780000,22.760000
29.066667,0.790000,0.620000,1.220000,179.400000,1.270000,22.340000
29.100000,0.790000,0.620000,1.220000,181.600000,0.760000,21.920000
29.133333,0.790000,0.610000,1.210000,183.790000,0.240000,21.500000
29.166667,0.790000,0.610000,1.210000,185.980000,-0.270000,21.080000
29.200000,0.790000,0.600000,1.200000,188.170000,-0.780000,20.660000
29.233333,0.790000,0.600000,1.190000,190.360000,-1.290000,20.240000
29.266667,0.780000,0.590000,1.190000,192.550000,-1.800000,19.820000
29.300000,0.780000,0.590000,1.180000,194.740000,-2.310000,19.400000
29.333333,0.780000,0.580000,1.180000,196.930000,-2.820000,18.980000
29.366667,0.780000,0.580000,1.170000,199.120000,-3.330000,18.560000
29.400000,0.780000,0.570000,1.170000,201.310000,-3.840000,18.140000
29.433333,0.780000,0.570000,1.160000,203.500000,-4.350000,17.720000
29.466667,0.770000,0.560000,1.160000,205.690000,-4.860000,17.300000
29.500000,0.770000,0.560000,1.150000,205.890000,-4.920000,15.990000
29.533333,0.770000,0.550000,1.140000,206.080000,-4.970000,14.680000
29.566667,0.770000,0.550000,1.140000,206.280000,-5.030000,13.380000
29.600000,0.770000,0.540000,1.130000,206.470000,-5.080000,12.070000
29.633333,0.760000,0.550000,1.130000,206.670000,-5.140000,10.760000
29.666667,0.760000,0.560000,1.120000,206.860000,-5.200000,9.450000
29.700000,0.760000,0.560000,1.110000,207.060000,-5.250000,8.150000
29.733333,0.760000,0.570000,1.110000,207.250000,-5.310000,6.840000
29.766667,0.750000,0.580000,1.100000,207.450000,-5.360000,5.530000
29.800000,0.750000,0.590000,1.100000,207.640000,-5.420000,4.230000
29.833333,0.750000,0.590000,1.090000,207.840000,-5.470000,2.920000
29.866667,0.740000,0.600000,1.080000,208.030000,-5.530000,1.610000
29.900000,0.740000,0.610000,1.080000,208.230000,-5.590000,0.300000
29.933333,0.740000,0.620000,1.070000,208.420000,-5.640000,-1.000000
29.966667,0.730000,0.620000,1.060000,207.700000,-5.310000,-1.760000
