0.000000,0.000000,2.700000,1.100000,270.000000,0.000000,0.000000
0.033333,0.000000,2.690000,1.090000,269.770000,-0.240000,-0.930000
0.066667,0.000000,2.680000,1.080000,269.530000,-0.470000,-1.860000
0.100000,0.000000,2.670000,1.070000,269.300000,-0.710000,-2.800000
0.133333,0.010000,2.660000,1.060000,269.070000,-0.940000,-3.730000
0.166667,0.010000,2.650000,1.050000,268.840000,-1.180000,-4.660000
0.200000,0.010000,2.640000,1.040000,268.600000,-1.410000,-5.590000
0.233333,0.010000,2.630000,1.030000,268.370000,-1.650000,-6.520000
0.266667,0.010000,2.620000,1.020000,268.140000,-1.880000,-7.450000
0.300000,0.010000,2.620000,1.020000,267.910000,-2.120000,-8.390000
0.333333,0.020000,2.620000,1.020000,267.670000,-2.350000,-9.320000
0.366667,0.020000,2.620000,1.020000,267.440000,-2.590000,-10.250000
0.400000,0.030000,2.620000,1.020000,267.210000,-2.820000,-11.180000
0.433333,0.030000,2.620000,1.020000,266.980000,-3.060000,-12.110000
0.466667,0.030000,2.620000,1.020000,266.740000,-3.290000,-13.040000
0.500000,0.040000,2.620000,1.020000,266.510000,-3.530000,-13.980000
0.533333,0.040000,2.620000,1.030000,266.280000,-3.760000,-14.910000
0.566667,0.040000,2.620000,1.030000,266.040000,-4.000000,-15.840000
0.600000,0.050000,2.620000,1.030000,265.810000,-4.230000,-16.770000
0.633333,0.040000,2.620000,1.020000,265.580000,-4.470000,-17.700000
0.666667,0.030000,2.620000,1.020000,265.350000,-4.700000,-18.630000
0.700000,0.020000,2.620000,1.020000,265.110000,-4.940000,-19.570000
0.733333,0.020000,2.620000,1.020000,264.880000,-5.170000,-20.500000
0.766667,0.010000,2.620000,1.020000,264.650000,-5.410000,-21.430000
0.800000,0.000000,2.620000,1.020000,264.420000,-5.640000,-22.360000
0.833333,0.000000,2.620000,1.030000,264.180000,-5.880000,-23.290000
0.866667,-0.010000,2.610000,1.030000,263.950000,-6.110000,-24.230000
0.900000,-0.020000,2.600000,1.040000,263.720000,-6.350000,-25.160000
0.933333,-0.020000,2.600000,1.050000,263.490000,-6.580000,-26.090000
0.966667,-0.030000,2.590000,1.050000,263.250000,-6.820000,-27.020000
1.000000,-0.040000,2.590000,1.060000,263.020000,-7.050000,-27.950000
1.033333,-0.040000,2.580000,1.070000,263.150000,-7.080000,-27.750000
1.066667,-0.050000,2.580000,1.070000,263.290000,-7.110000,-27.540000
1.100000,-0.060000,2.570000,1.080000,263.420000,-7.130000,-27.340000
1.133333,-0.060000,2.560000,1.090000,263.550000,-7.160000,-27.140000
1.166667,-0.060000,2.560000,1.080000,263.680000,-7.190000,-26.930000
1.200000,-0.060000,2.570000,1.080000,263.820000,-7.220000,-26.730000
1.233333,-0.060000,2.570000,1.070000,263.950000,-7.240000,-26.530000
1.266667,-0.060000,2.570000,1.070000,264.080000,-7.270000,-26.320000
1.300000,-0.060000,2.570000,1.060000,264.210000,-7.300000,-26.120000
1.333333,-0.060000,2.570000,1.060000,264.350000,-7.330000,-25.910000
1.366667,-0.060000,2.570000,1.050000,264.480000,-7.350000,-25.710000
1.400000,-0.060000,2.570000,1.050000,264.610000,-7.380000,-25.510000
1.433333,-0.060000,2.570000,1.040000,264.740000,-7.410000,-25.300000
1.466667,-0.060000,2.570000,1.040000,264.880000,-7.440000,-25.100000
1.500000,-0.060000,2.580000,1.030000,265.010000,-7.460000,-24.890000
1.533333,-0.060000,2.580000,1.030000,265.140000,-7.490000,-24.690000
1.566667,-0.060000,2.580000,1.020000,265.270000,-7.520000,-24.490000
1.600000,-0.060000,2.580000,1.020000,265.410000,-7.550000,-24.280000
1.633333,-0.060000,2.580000,1.010000,265.540000,-7.570000,-24.080000
1.666667,-0.060000,2.580000,1.010000,265.670000,-7.600000,-23.880000
1.700000,-0.070000,2.570000,1.010000,265.800000,-7.630000,-23.670000
1.733333,-0.070000,2.570000,1.000000,265.940000,-7.660000,-23.470000
1.766667,-0.080000,2.570000,1.000000,266.070000,-7.680000,-23.260000
1.800000,-0.060000,2.560000,1.000000,266.200000,-7.710000,-23.060000
1.833333,-0.050000,2.560000,0.990000,266.340000,-7.740000,-22.860000
1.866667,-0.040000,2.550000,0.980000,266.470000,-7.770000,-22.650000
1.900000,-0.020000,2.550000,0.980000,266.990000,-6.990000,-24.890000
1.933333,-0.010000,2.540000,0.970000,267.520000,-6.210000,-27.120000
1.966667,0.000000,2.540000,0.960000,268.040000,-5.430000,-29.360000
2.000000,0.020000,2.530000,0.960000,268.570000,-4.660000,-31.600000
2.033333,0.030000,2.530000,0.950000,269.100000,-3.880000,-33.830000
2.066667,0.050000,2.520000,0.950000,269.620000,-3.100000,-36.070000
2.100000,0.060000,2.520000,0.940000,270.150000,-2.330000,-38.300000
2.133333,0.070000,2.510000,0.930000,270.670000,-1.550000,-40.540000
2.166667,0.090000,2.510000,0.930000,271.200000,-0.770000,-42.770000
2.200000,0.100000,2.500000,0.920000,271.720000,0.000000,-45.010000
2.233333,0.120000,2.500000,0.910000,271.160000,-1.680000,-45.720000
2.266667,0.130000,2.490000,0.910000,271.260000,-1.790000,-45.580000
2.300000,0.140000,2.490000,0.900000,271.360000,-1.900000,-45.440000
2.333333,0.160000,2.480000,0.890000,271.460000,-2.010000,-45.290000
2.366667,0.170000,2.480000,0.890000,271.550000,-2.120000,-45.150000
2.400000,0.180000,2.470000,0.880000,271.650000,-2.230000,-45.000000
2.433333,0.200000,2.470000,0.880000,271.750000,-2.340000,-44.860000
2.466667,0.210000,2.470000,0.870000,271.850000,-2.450000,-44.720000
2.500000,0.230000,2.460000,0.860000,271.950000,-2.560000,-44.570000
2.533333,0.240000,2.460000,0.860000,272.050000,-2.670000,-44.430000
2.566667,0.250000,2.450000,0.850000,272.140000,-2.780000,-44.280000
2.600000,0.270000,2.450000,0.840000,272.240000,-2.890000,-44.140000
2.633333,0.280000,2.440000,0.840000,272.340000,-3.000000,-44.000000
2.666667,0.300000,2.440000,0.830000,272.440000,-3.120000,-43.850000
2.700000,0.310000,2.430000,0.830000,272.540000,-3.230000,-43.710000
2.733333,0.320000,2.430000,0.820000,272.630000,-3.340000,-43.570000
2.766667,0.320000,2.430000,0.820000,271.150000,-4.250000,-42.750000
2.800000,0.310000,2.430000,0.830000,269.660000,-5.160000,-41.930000
2.833333,0.300000,2.430000,0.830000,268.170000,-6.080000,-41.110000
2.866667,0.290000,2.430000,0.840000,266.680000,-6.990000,-40.290000
2.900000,0.290000,2.430000,0.840000,265.190000,-7.910000,-39.470000
2.933333,0.280000,2.430000,0.850000,263.700000,-8.820000,-38.650000
2.966667,0.270000,2.430000,0.850000,262.220000,-9.740000,-37.830000
3.000000,0.270000,2.430000,0.860000,260.730000,-10.650000,-37.010000
3.033333,0.260000,2.430000,0.860000,259.240000,-11.560000,-36.190000
3.066667,0.250000,2.430000,0.860000,260.500000,-10.150000,-35.180000
3.100000,0.250000,2.430000,0.870000,261.760000,-8.740000,-34.170000
3.133333,0.240000,2.430000,0.870000,263.030000,-7.330000,-33.160000
3.166667,0.230000,2.430000,0.880000,264.290000,-5.920000,-32.150000
3.200000,0.220000,2.430000,0.880000,265.550000,-4.510000,-31.140000
3.233333,0.220000,2.430000,0.890000,266.820000,-3.100000,-30.130000
3.266667,0.210000,2.430000,0.890000,268.080000,-1.690000,-29.120000
3.300000,0.200000,2.430000,0.900000,269.340000,-0.280000,-28.110000
3.333333,0.200000,2.430000,0.900000,270.610000,1.130000,-27.090000
3.366667,0.190000,2.430000,0.910000,271.870000,2.540000,-26.080000
3.400000,0.180000,2.430000,0.910000,271.470000,2.870000,-25.970000
3.433333,0.170000,2.430000,0.920000,271.080000,3.200000,-25.860000
3.466667,0.170000,2.430000,0.920000,270.690000,3.530000,-25.750000
3.500000,0.160000,2.430000,0.930000,270.290000,3.860000,-25.640000
3.533333,0.150000,2.430000,0.930000,269.900000,4.180000,-25.530000
3.566667,0.150000,2.430000,0.930000,269.500000,4.510000,-25.420000
3.600000,0.140000,2.430000,0.940000,269.110000,4.840000,-25.310000
3.633333,0.130000,2.430000,0.940000,268.720000,5.170000,-25.200000
3.666667,0.130000,2.430000,0.950000,268.320000,5.490000,-25.090000
3.700000,0.120000,2.430000,0.950000,267.930000,5.820000,-24.980000
3.733333,0.110000,2.430000,0.960000,267.530000,6.150000,-24.870000
3.766667,0.100000,2.430000,0.960000,267.140000,6.480000,-24.760000
3.800000,0.100000,2.430000,0.970000,266.750000,6.810000,-24.650000
3.833333,0.090000,2.430000,0.980000,266.350000,7.130000,-24.540000
3.866667,0.090000,2.440000,0.990000,265.960000,7.460000,-24.430000
3.900000,0.090000,2.440000,1.000000,265.560000,7.790000,-24.320000
3.933333,0.090000,2.440000,1.010000,265.170000,8.120000,-24.210000
3.966667,0.090000,2.450000,1.020000,264.780000,8.450000,-24.100000
4.000000,0.080000,2.450000,1.030000,264.380000,8.770000,-23.990000
4.033333,0.080000,2.450000,1.040000,263.990000,9.100000,-23.880000
4.066667,0.080000,2.460000,1.050000,263.590000,9.430000,-23.770000
4.100000,0.080000,2.460000,1.060000,263.200000,9.760000,-23.660000
4.133333,0.080000,2.460000,1.080000,262.800000,10.090000,-23.550000
4.166667,0.070000,2.470000,1.090000,262.410000,10.410000,-23.430000
4.200000,0.070000,2.470000,1.100000,262.020000,10.740000,-23.320000
4.233333,0.070000,2.470000,1.110000,261.620000,11.070000,-23.210000
4.266667,0.070000,2.480000,1.120000,261.230000,11.400000,-23.100000
4.300000,0.070000,2.480000,1.130000,260.830000,11.730000,-22.990000
4.333333,0.060000,2.490000,1.140000,260.440000,12.050000,-22.880000
4.366667,0.060000,2.490000,1.150000,260.050000,12.380000,-22.770000
4.400000,0.060000,2.490000,1.160000,259.650000,12.710000,-22.660000
4.433333,0.060000,2.500000,1.170000,259.260000,13.040000,-22.550000
4.466667,0.060000,2.500000,1.180000,258.860000,13.370000,-22.440000
4.500000,0.050000,2.500000,1.200000,258.470000,13.690000,-22.330000
4.533333,0.050000,2.510000,1.210000,258.300000,13.560000,-22.220000
4.566667,0.050000,2.510000,1.220000,258.120000,13.420000,-22.110000
4.600000,0.050000,2.510000,1.230000,257.950000,13.280000,-21.990000
4.633333,0.050000,2.520000,1.240000,257.770000,13.140000,-21.880000
4.666667,0.040000,2.520000,1.230000,257.600000,13.010000,-21.770000
4.700000,0.030000,2.520000,1.230000,257.430000,12.870000,-21.650000
4.733333,0.020000,2.520000,1.220000,257.250000,12.730000,-21.540000
4.766667,0.020000,2.530000,1.210000,257.080000,12.600000,-21.430000
4.800000,0.010000,2.530000,1.210000,256.900000,12.460000,-21.310000
4.833333,0.000000,2.530000,1.200000,256.730000,12.320000,-21.200000
4.866667,0.000000,2.530000,1.200000,256.560000,12.180000,-21.090000
4.900000,-0.010000,2.540000,1.190000,256.380000,12.050000,-20.980000
4.933333,-0.020000,2.540000,1.180000,256.210000,11.910000,-20.860000
4.966667,-0.030000,2.540000,1.180000,256.030000,11.770000,-20.750000
5.000000,-0.030000,2.540000,1.170000,255.860000,11.630000,-20.640000
5.033333,-0.040000,2.550000,1.160000,255.690000,11.500000,-20.520000
5.066667,-0.050000,2.550000,1.160000,255.510000,11.360000,-20.410000
5.100000,-0.060000,2.550000,1.150000,255.340000,11.220000,-20.300000
5.133333,-0.060000,2.550000,1.150000,255.160000,11.090000,-20.190000
5.166667,-0.070000,2.560000,1.140000,254.990000,10.950000,-20.070000
5.200000,-0.080000,2.560000,1.130000,254.820000,10.810000,-19.960000
5.233333,-0.080000,2.560000,1.130000,254.640000,10.670000,-19.850000
5.266667,-0.090000,2.560000,1.120000,254.470000,10.540000,-19.730000
5.300000,-0.100000,2.570000,1.120000,254.300000,10.400000,-19.620000
5.333333,-0.110000,2.570000,1.110000,254.120000,10.260000,-19.510000
5.366667,-0.110000,2.570000,1.100000,253.950000,10.120000,-19.390000
5.400000,-0.120000,2.570000,1.100000,253.770000,9.990000,-19.280000
5.433333,-0.130000,2.580000,1.090000,253.600000,9.850000,-19.170000
5.466667,-0.130000,2.580000,1.080000,253.430000,9.710000,-19.060000
5.500000,-0.140000,2.580000,1.080000,253.250000,9.570000,-18.940000
5.533333,-0.150000,2.580000,1.070000,252.550000,10.910000,-19.550000
5.566667,-0.160000,2.590000,1.070000,251.850000,12.250000,-20.160000
5.600000,-0.160000,2.590000,1.060000,251.150000,13.580000,-20.760000
5.633333,-0.170000,2.590000,1.050000,250.450000,14.920000,-21.370000
5.666667,-0.170000,2.590000,1.050000,249.750000,16.250000,-21.980000
5.700000,-0.160000,2.590000,1.050000,249.060000,17.590000,-22.580000
5.733333,-0.160000,2.590000,1.050000,248.360000,18.930000,-23.190000
5.766667,-0.160000,2.590000,1.040000,247.660000,20.260000,-23.800000
5.800000,-0.150000,2.590000,1.040000,246.960000,21.600000,-24.410000
5.833333,-0.150000,2.590000,1.040000,246.260000,22.930000,-25.010000
5.866667,-0.140000,2.590000,1.040000,245.560000,24.270000,-25.620000
5.900000,-0.140000,2.590000,1.030000,244.860000,25.600000,-26.230000
5.933333,-0.140000,2.590000,1.030000,244.160000,26.940000,-26.830000
5.966667,-0.130000,2.590000,1.030000,243.460000,28.280000,-27.440000
6.000000,-0.130000,2.590000,1.030000,242.760000,29.610000,-28.050000
6.033333,-0.120000,2.590000,1.020000,242.060000,30.950000,-28.650000
6.066667,-0.120000,2.590000,1.020000,241.360000,32.280000,-29.260000
6.100000,-0.120000,2.590000,1.020000,240.660000,33.620000,-29.870000
6.133333,-0.110000,2.590000,1.020000,239.960000,34.960000,-30.470000
6.166667,-0.110000,2.580000,1.010000,239.260000,36.290000,-31.080000
6.200000,-0.110000,2.580000,1.010000,238.570000,37.630000,-31.690000
6.233333,-0.100000,2.580000,1.010000,237.870000,38.960000,-32.300000
6.266667,-0.100000,2.580000,1.010000,237.170000,40.300000,-32.900000
6.300000,-0.090000,2.580000,1.000000,236.470000,41.630000,-33.510000
6.333333,-0.080000,2.580000,1.000000,235.770000,42.970000,-34.120000
6.366667,-0.070000,2.570000,1.000000,235.070000,44.310000,-34.720000
6.400000,-0.060000,2.570000,1.000000,234.370000,45.640000,-35.330000
6.433333,-0.060000,2.570000,0.990000,233.670000,46.980000,-35.940000
6.466667,-0.050000,2.560000,0.990000,233.230000,45.260000,-34.180000
6.500000,-0.040000,2.560000,0.990000,232.800000,43.540000,-32.420000
6.533333,-0.030000,2.560000,0.990000,232.360000,41.820000,-30.650000
6.566667,-0.020000,2.550000,0.980000,231.930000,40.110000,-28.890000
6.600000,-0.020000,2.550000,0.980000,231.490000,38.390000,-27.130000
6.633333,-0.010000,2.550000,0.980000,231.060000,36.670000,-25.370000
6.666667,0.000000,2.550000,0.970000,230.620000,34.950000,-23.610000
6.700000,0.010000,2.540000,0.970000,230.180000,33.230000,-21.850000
6.733333,0.010000,2.550000,0.970000,229.750000,31.510000,-20.090000
6.766667,0.010000,2.560000,0.960000,229.310000,29.800000,-18.330000
6.800000,0.010000,2.570000,0.960000,228.880000,28.080000,-16.570000
6.833333,0.020000,2.570000,0.950000,228.440000,26.360000,-14.810000
6.866667,0.020000,2.580000,0.950000,228.000000,24.640000,-13.050000
6.900000,0.020000,2.590000,0.950000,227.570000,22.920000,-11.290000
6.933333,0.020000,2.600000,0.940000,227.130000,21.210000,-9.530000
6.966667,0.030000,2.600000,0.940000,225.990000,20.650000,-9.330000
7.000000,0.030000,2.610000,0.930000,224.860000,20.090000,-9.120000
7.033333,0.030000,2.620000,0.930000,223.720000,19.530000,-8.920000
7.066667,0.030000,2.630000,0.930000,222.580000,18.970000,-8.720000
7.100000,0.030000,2.640000,0.920000,221.440000,18.410000,-8.520000
7.133333,0.040000,2.640000,0.920000,220.300000,17.850000,-8.320000
7.166667,0.030000,2.640000,0.920000,219.160000,17.290000,-8.120000
7.200000,0.030000,2.640000,0.930000,218.020000,16.730000,-7.920000
7.233333,0.030000,2.640000,0.940000,216.880000,16.170000,-7.720000
7.266667,0.020000,2.640000,0.950000,215.740000,15.620000,-7.520000
7.300000,0.020000,2.640000,0.950000,214.600000,15.060000,-7.310000
7.333333,0.020000,2.640000,0.960000,213.460000,14.500000,-7.110000
7.366667,0.010000,2.640000,0.970000,212.320000,13.940000,-6.910000
7.400000,0.010000,2.640000,0.970000,211.190000,13.380000,-6.710000
7.433333,0.010000,2.640000,0.980000,210.050000,12.820000,-6.510000
7.466667,0.000000,2.640000,0.990000,208.910000,12.260000,-6.310000
7.500000,0.000000,2.640000,1.000000,207.770000,11.700000,-6.110000
7.533333,0.000000,2.640000,1.000000,206.630000,11.140000,-5.910000
7.566667,-0.010000,2.640000,1.010000,205.490000,10.580000,-5.700000
7.600000,-0.010000,2.640000,1.020000,204.350000,10.030000,-5.500000
7.633333,-0.010000,2.640000,1.030000,203.210000,9.470000,-5.300000
7.666667,-0.020000,2.640000,1.030000,202.070000,8.910000,-5.100000
7.700000,-0.020000,2.640000,1.040000,200.930000,8.350000,-4.900000
7.733333,-0.020000,2.640000,1.050000,199.790000,7.790000,-4.700000
7.766667,-0.030000,2.640000,1.050000,198.650000,7.230000,-4.500000
7.800000,-0.030000,2.640000,1.060000,197.520000,6.670000,-4.300000
7.833333,-0.030000,2.640000,1.070000,196.380000,6.110000,-4.100000
7.866667,-0.030000,2.640000,1.080000,198.560000,6.770000,-4.190000
7.900000,-0.040000,2.640000,1.080000,200.750000,7.440000,-4.290000
7.933333,-0.040000,2.640000,1.090000,202.940000,8.100000,-4.380000
7.966667,-0.040000,2.640000,1.100000,205.130000,8.760000,-4.480000
8.000000,-0.050000,2.640000,1.100000,207.320000,9.420000,-4.580000
8.033333,-0.050000,2.630000,1.110000,209.510000,10.090000,-4.670000
8.066667,-0.050000,2.620000,1.120000,211.690000,10.750000,-4.770000
8.100000,-0.060000,2.610000,1.130000,213.880000,11.410000,-4.870000
8.133333,-0.060000,2.620000,1.120000,216.070000,12.080000,-4.960000
8.166667,-0.070000,2.620000,1.110000,218.260000,12.740000,-5.060000
8.200000,-0.070000,2.620000,1.100000,220.450000,13.400000,-5.160000
8.233333,-0.080000,2.620000,1.080000,222.630000,14.060000,-5.250000
8.266667,-0.080000,2.630000,1.070000,224.820000,14.730000,-5.350000
8.300000,-0.090000,2.630000,1.060000,227.010000,15.390000,-5.450000
8.333333,-0.090000,2.630000,1.050000,229.200000,16.050000,-5.540000
8.366667,-0.100000,2.630000,1.040000,231.390000,16.710000,-5.640000
8.400000,-0.100000,2.640000,1.030000,233.570000,17.380000,-5.730000
8.433333,-0.110000,2.640000,1.020000,234.630000,17.910000,-5.600000
8.466667,-0.110000,2.640000,1.010000,235.690000,18.440000,-5.460000
8.500000,-0.120000,2.650000,0.990000,236.750000,18.960000,-5.330000
8.533333,-0.120000,2.650000,0.980000,237.810000,19.490000,-5.190000
8.566667,-0.110000,2.650000,0.990000,238.860000,20.020000,-5.060000
8.600000,-0.090000,2.650000,0.990000,239.920000,20.550000,-4.920000
8.633333,-0.080000,2.650000,0.990000,237.560000,21.060000,-5.050000
8.666667,-0.060000,2.650000,0.990000,235.190000,21.570000,-5.170000
8.700000,-0.040000,2.650000,1.000000,232.820000,22.080000,-5.300000
8.733333,-0.030000,2.650000,1.000000,230.460000,22.590000,-5.420000
8.766667,-0.010000,2.650000,1.000000,228.090000,23.100000,-5.550000
8.800000,0.010000,2.650000,1.000000,225.730000,23.610000,-5.670000
8.833333,0.020000,2.650000,1.010000,223.360000,24.120000,-5.790000
8.866667,0.040000,2.650000,1.010000,220.990000,24.620000,-5.920000
8.900000,0.050000,2.650000,1.010000,218.630000,25.130000,-6.040000
8.933333,0.070000,2.650000,1.010000,216.260000,25.640000,-6.170000
8.966667,0.090000,2.650000,1.020000,213.900000,26.150000,-6.290000
9.000000,0.100000,2.650000,1.020000,211.530000,26.660000,-6.420000
9.033333,0.120000,2.650000,1.020000,209.170000,27.170000,-6.540000
9.066667,0.140000,2.650000,1.020000,206.800000,27.680000,-6.670000
9.100000,0.150000,2.650000,1.030000,204.430000,28.190000,-6.790000
9.133333,0.170000,2.650000,1.030000,202.070000,28.700000,-6.920000
9.166667,0.180000,2.650000,1.030000,199.700000,29.210000,-7.040000
9.200000,0.200000,2.650000,1.030000,197.340000,29.710000,-7.170000
9.233333,0.220000,2.650000,1.040000,197.510000,29.670000,-6.910000
9.266667,0.230000,2.650000,1.040000,197.690000,29.620000,-6.650000
9.300000,0.250000,2.650000,1.040000,197.860000,29.570000,-6.400000
9.333333,0.270000,2.650000,1.040000,198.030000,29.530000,-6.140000
9.366667,0.280000,2.650000,1.050000,198.210000,29.480000,-5.890000
9.400000,0.300000,2.650000,1.050000,198.380000,29.430000,-5.630000
9.433333,0.310000,2.650000,1.050000,198.560000,29.380000,-5.380000
9.466667,0.330000,2.650000,1.050000,198.730000,29.340000,-5.120000
9.500000,0.350000,2.650000,1.060000,198.910000,29.290000,-4.870000
9.533333,0.340000,2.650000,1.070000,199.080000,29.240000,-4.610000
9.566667,0.340000,2.650000,1.080000,199.250000,29.190000,-4.360000
9.600000,0.340000,2.640000,1.090000,199.430000,29.150000,-4.100000
9.633333,0.330000,2.640000,1.100000,199.600000,29.100000,-3.850000
9.666667,0.330000,2.640000,1.110000,199.780000,29.050000,-3.590000
9.700000,0.320000,2.640000,1.120000,199.950000,29.000000,-3.340000
9.733333,0.320000,2.630000,1.130000,200.120000,28.960000,-3.080000
9.766667,0.320000,2.630000,1.140000,200.300000,28.910000,-2.820000
9.800000,0.310000,2.630000,1.150000,200.470000,28.860000,-2.570000
9.833333,0.310000,2.630000,1.160000,200.650000,28.810000,-2.310000
9.866667,0.300000,2.620000,1.170000,200.820000,28.770000,-2.060000
9.900000,0.300000,2.620000,1.180000,201.000000,28.720000,-1.800000
9.933333,0.300000,2.620000,1.190000,201.170000,28.670000,-1.550000
9.966667,0.290000,2.620000,1.200000,201.340000,28.630000,-1.290000
10.000000,0.290000,2.610000,1.210000,201.520000,28.580000,-1.040000
10.033333,0.280000,2.610000,1.200000,201.690000,28.530000,-0.780000
10.066667,0.270000,2.610000,1.200000,201.870000,28.480000,-0.530000
10.100000,0.260000,2.610000,1.190000,202.040000,28.440000,-0.270000
10.133333,0.250000,2.620000,1.190000,202.220000,28.390000,-0.020000
10.166667,0.240000,2.620000,1.180000,202.390000,28.340000,0.240000
10.200000,0.230000,2.620000,1.180000,202.560000,28.290000,0.500000
10.233333,0.220000,2.620000,1.170000,202.740000,28.250000,0.750000
10.266667,0.220000,2.620000,1.170000,202.910000,28.200000,1.010000
10.300000,0.210000,2.620000,1.170000,203.090000,28.150000,1.260000
10.333333,0.200000,2.620000,1.170000,203.260000,28.100000,1.520000
10.366667,0.200000,2.620000,1.170000,203.440000,28.060000,1.770000
10.400000,0.190000,2.610000,1.170000,203.610000,28.010000,2.030000
10.433333,0.190000,2.610000,1.170000,203.720000,27.080000,3.710000
10.466667,0.180000,2.610000,1.170000,203.840000,26.140000,5.380000
10.500000,0.170000,2.610000,1.160000,203.950000,25.210000,7.060000
10.533333,0.170000,2.610000,1.160000,204.070000,24.270000,8.740000
10.566667,0.160000,2.610000,1.160000,204.180000,23.340000,10.420000
10.600000,0.150000,2.610000,1.160000,204.300000,22.400000,12.100000
10.633333,0.150000,2.610000,1.160000,206.010000,21.150000,11.790000
10.666667,0.140000,2.610000,1.160000,207.730000,19.900000,11.490000
10.700000,0.130000,2.610000,1.160000,209.450000,18.650000,11.180000
10.733333,0.130000,2.610000,1.160000,211.170000,17.400000,10.880000
10.766667,0.120000,2.610000,1.160000,212.890000,16.150000,10.580000
10.800000,0.120000,2.610000,1.160000,214.610000,14.900000,10.270000
10.833333,0.110000,2.610000,1.160000,216.330000,13.650000,9.970000
10.866667,0.100000,2.610000,1.160000,218.040000,12.400000,9.660000
10.900000,0.100000,2.600000,1.160000,219.760000,11.150000,9.360000
10.933333,0.090000,2.600000,1.160000,221.480000,9.890000,9.050000
10.966667,0.080000,2.600000,1.160000,223.200000,8.640000,8.750000
11.000000,0.080000,2.600000,1.150000,224.920000,7.390000,8.440000
11.033333,0.070000,2.600000,1.150000,226.640000,6.140000,8.140000
11.066667,0.070000,2.600000,1.150000,228.360000,4.890000,7.840000
11.100000,0.060000,2.600000,1.150000,230.080000,3.640000,7.530000
11.133333,0.050000,2.600000,1.150000,231.790000,2.390000,7.230000
11.166667,0.050000,2.600000,1.150000,233.510000,1.140000,6.920000
11.200000,0.040000,2.600000,1.150000,235.230000,-0.110000,6.620000
11.233333,0.030000,2.600000,1.150000,236.950000,-1.360000,6.310000
11.266667,0.030000,2.600000,1.160000,238.670000,-2.610000,6.010000
11.300000,0.020000,2.600000,1.160000,240.390000,-3.860000,5.700000
11.333333,0.010000,2.600000,1.170000,242.110000,-5.120000,5.400000
11.366667,0.010000,2.590000,1.180000,243.830000,-6.370000,5.100000
11.400000,0.000000,2.590000,1.180000,245.540000,-7.620000,4.790000
11.433333,-0.010000,2.590000,1.190000,247.260000,-8.870000,4.490000
11.466667,-0.020000,2.590000,1.200000,248.980000,-10.120000,4.180000
11.500000,-0.020000,2.590000,1.210000,250.700000,-11.370000,3.880000
11.533333,-0.030000,2.590000,1.210000,250.630000,-10.940000,3.930000
11.566667,-0.040000,2.590000,1.220000,250.560000,-10.510000,3.990000
11.600000,-0.040000,2.590000,1.230000,250.490000,-10.080000,4.050000
11.633333,-0.050000,2.590000,1.230000,250.420000,-9.650000,4.100000
11.666667,-0.060000,2.580000,1.240000,250.350000,-9.220000,4.160000
11.700000,-0.060000,2.580000,1.250000,250.280000,-8.790000,4.220000
11.733333,-0.070000,2.580000,1.250000,248.940000,-6.800000,5.030000
11.766667,-0.080000,2.580000,1.260000,247.600000,-4.800000,5.840000
11.800000,-0.090000,2.580000,1.270000,246.260000,-2.810000,6.650000
11.833333,-0.090000,2.580000,1.270000,244.920000,-0.820000,7.460000
11.866667,-0.100000,2.580000,1.280000,243.580000,1.180000,8.270000
11.900000,-0.110000,2.580000,1.290000,242.240000,3.170000,9.080000
11.933333,-0.110000,2.580000,1.290000,240.900000,5.170000,9.890000
11.966667,-0.120000,2.570000,1.300000,239.560000,7.160000,10.700000
12.000000,-0.110000,2.570000,1.300000,238.220000,9.150000,11.510000
12.033333,-0.090000,2.570000,1.290000,236.880000,11.150000,12.320000
12.066667,-0.080000,2.570000,1.280000,235.540000,13.140000,13.130000
12.100000,-0.070000,2.570000,1.280000,234.200000,15.140000,13.940000
12.133333,-0.050000,2.570000,1.270000,232.860000,17.130000,14.750000
12.166667,-0.050000,2.570000,1.270000,231.520000,19.120000,15.570000
12.200000,-0.040000,2.570000,1.260000,232.230000,18.160000,14.910000
12.233333,-0.040000,2.570000,1.260000,232.930000,17.200000,14.260000
12.266667,-0.040000,2.570000,1.260000,233.630000,16.240000,13.610000
12.300000,-0.030000,2.570000,1.250000,234.340000,15.280000,12.960000
12.333333,-0.020000,2.570000,1.250000,235.040000,14.320000,12.300000
12.366667,-0.020000,2.570000,1.250000,235.750000,13.360000,11.650000
12.400000,-0.010000,2.560000,1.250000,236.450000,12.400000,11.000000
12.433333,0.000000,2.560000,1.250000,237.160000,11.440000,10.350000
12.466667,0.010000,2.560000,1.250000,237.860000,10.480000,9.690000
12.500000,0.020000,2.550000,1.250000,238.570000,9.520000,9.040000
12.533333,0.030000,2.550000,1.250000,239.270000,8.560000,8.390000
12.566667,0.040000,2.550000,1.250000,239.980000,7.600000,7.740000
12.600000,0.040000,2.540000,1.250000,240.680000,6.640000,7.080000
12.633333,0.050000,2.540000,1.250000,240.960000,7.090000,7.720000
12.666667,0.060000,2.540000,1.240000,241.240000,7.530000,8.350000
12.700000,0.070000,2.540000,1.240000,241.530000,7.970000,8.990000
12.733333,0.080000,2.530000,1.240000,241.810000,8.420000,9.620000
12.766667,0.090000,2.530000,1.240000,242.090000,8.860000,10.260000
12.800000,0.100000,2.530000,1.240000,242.370000,9.300000,10.900000
12.833333,0.100000,2.520000,1.240000,242.650000,9.740000,11.530000
12.866667,0.110000,2.520000,1.240000,242.930000,10.190000,12.170000
12.900000,0.110000,2.520000,1.240000,243.220000,10.630000,12.800000
12.933333,0.110000,2.520000,1.230000,243.500000,11.070000,13.440000
12.966667,0.110000,2.520000,1.230000,243.780000,11.510000,14.070000
13.000000,0.110000,2.520000,1.220000,244.060000,11.960000,14.710000
13.033333,0.110000,2.520000,1.220000,244.340000,12.400000,15.340000
13.066667,0.110000,2.530000,1.210000,244.630000,12.840000,15.980000
13.100000,0.110000,2.530000,1.210000,244.910000,13.280000,16.610000
13.133333,0.110000,2.530000,1.200000,245.190000,13.730000,17.250000
13.166667,0.110000,2.530000,1.200000,245.470000,14.170000,17.880000
13.200000,0.110000,2.530000,1.190000,245.750000,14.610000,18.520000
13.233333,0.110000,2.530000,1.190000,246.030000,15.060000,19.160000
13.266667,0.110000,2.530000,1.190000,246.320000,15.500000,19.790000
13.300000,0.110000,2.530000,1.180000,246.600000,15.940000,20.430000
13.333333,0.110000,2.530000,1.180000,246.350000,16.220000,20.130000
13.366667,0.110000,2.530000,1.170000,246.100000,16.490000,19.830000
13.400000,0.110000,2.530000,1.170000,245.860000,16.770000,19.540000
13.433333,0.110000,2.530000,1.160000,245.610000,17.050000,19.240000
13.466667,0.110000,2.530000,1.160000,245.360000,17.320000,18.950000
13.500000,0.110000,2.540000,1.150000,245.120000,17.600000,18.650000
13.533333,0.110000,2.540000,1.150000,244.870000,17.870000,18.360000
13.566667,0.110000,2.540000,1.140000,244.630000,18.150000,18.060000
13.600000,0.110000,2.540000,1.140000,244.380000,18.430000,17.760000
13.633333,0.110000,2.540000,1.130000,244.130000,18.700000,17.470000
13.666667,0.100000,2.540000,1.110000,243.890000,18.980000,17.170000
13.700000,0.090000,2.550000,1.100000,243.640000,19.260000,16.880000
13.733333,0.090000,2.550000,1.090000,243.390000,19.530000,16.580000
13.766667,0.080000,2.550000,1.080000,243.150000,19.810000,16.290000
13.800000,0.070000,2.560000,1.060000,242.900000,20.080000,15.990000
13.833333,0.070000,2.560000,1.050000,242.650000,20.360000,15.700000
13.866667,0.060000,2.560000,1.040000,242.410000,20.640000,15.400000
13.900000,0.050000,2.570000,1.030000,242.160000,20.910000,15.100000
13.933333,0.050000,2.570000,1.010000,241.910000,21.190000,14.810000
13.966667,0.040000,2.570000,1.000000,241.670000,21.460000,14.510000
14.000000,0.030000,2.580000,0.990000,241.420000,21.740000,14.220000
14.033333,0.030000,2.580000,0.980000,241.180000,22.020000,13.920000
14.066667,0.020000,2.580000,0.960000,240.930000,22.290000,13.630000
14.100000,0.010000,2.590000,0.950000,240.680000,22.570000,13.330000
14.133333,0.010000,2.590000,0.940000,240.440000,22.850000,13.030000
14.166667,0.000000,2.590000,0.930000,240.190000,23.120000,12.740000
14.200000,-0.010000,2.600000,0.910000,239.940000,23.400000,12.440000
14.233333,-0.010000,2.600000,0.900000,239.700000,23.670000,12.150000
14.266667,-0.020000,2.600000,0.890000,239.450000,23.950000,11.850000
14.300000,-0.030000,2.610000,0.880000,239.200000,24.230000,11.560000
14.333333,-0.030000,2.610000,0.860000,238.960000,24.500000,11.260000
14.366667,-0.030000,2.610000,0.870000,238.710000,24.780000,10.960000
14.400000,-0.020000,2.610000,0.870000,238.460000,25.060000,10.670000
14.433333,-0.020000,2.610000,0.870000,239.420000,23.330000,10.590000
14.466667,-0.010000,2.610000,0.870000,240.370000,21.600000,10.510000
14.500000,-0.010000,2.610000,0.870000,241.320000,19.870000,10.430000
14.533333,0.000000,2.610000,0.870000,242.270000,18.140000,10.360000
14.566667,0.000000,2.610000,0.870000,243.220000,16.420000,10.280000
14.600000,0.010000,2.610000,0.870000,244.180000,14.690000,10.200000
14.633333,0.010000,2.610000,0.870000,245.130000,12.960000,10.120000
14.666667,0.020000,2.620000,0.880000,246.080000,11.230000,10.040000
14.700000,0.020000,2.620000,0.880000,247.030000,9.500000,9.970000
14.733333,0.030000,2.620000,0.880000,247.980000,7.780000,9.890000
14.766667,0.030000,2.620000,0.880000,248.930000,6.050000,9.810000
14.800000,0.040000,2.620000,0.880000,249.890000,4.320000,9.730000
14.833333,0.040000,2.620000,0.880000,250.840000,2.590000,9.650000
14.866667,0.050000,2.620000,0.880000,251.790000,0.870000,9.580000
14.900000,0.050000,2.620000,0.880000,252.740000,-0.860000,9.500000
14.933333,0.060000,2.620000,0.890000,253.690000,-2.590000,9.420000
14.966667,0.060000,2.620000,0.890000,254.650000,-4.320000,9.340000
15.000000,0.070000,2.620000,0.890000,255.600000,-6.050000,9.270000
15.033333,0.070000,2.620000,0.890000,256.550000,-7.770000,9.190000
15.066667,0.080000,2.620000,0.890000,257.500000,-9.500000,9.110000
15.100000,0.080000,2.620000,0.890000,258.450000,-11.230000,9.030000
15.133333,0.090000,2.620000,0.900000,259.410000,-12.960000,8.950000
15.166667,0.090000,2.610000,0.910000,260.360000,-14.690000,8.880000
15.200000,0.090000,2.610000,0.920000,261.310000,-16.410000,8.800000
15.233333,0.100000,2.600000,0.940000,262.260000,-18.140000,8.720000
15.266667,0.100000,2.600000,0.950000,263.210000,-19.870000,8.640000
15.300000,0.100000,2.590000,0.960000,264.160000,-21.600000,8.560000
15.333333,0.110000,2.590000,0.970000,265.540000,-20.930000,10.050000
15.366667,0.110000,2.590000,0.980000,266.920000,-20.270000,11.530000
15.400000,0.110000,2.580000,0.990000,268.300000,-19.600000,13.020000
15.433333,0.120000,2.580000,1.000000,269.670000,-18.940000,14.500000
15.466667,0.120000,2.570000,1.010000,271.050000,-18.270000,15.990000
15.500000,0.130000,2.570000,1.020000,272.430000,-17.610000,17.470000
15.533333,0.130000,2.560000,1.030000,273.810000,-16.940000,18.950000
15.566667,0.130000,2.560000,1.050000,275.180000,-16.280000,20.440000
15.600000,0.140000,2.550000,1.060000,276.560000,-15.610000,21.920000
15.633333,0.140000,2.550000,1.070000,277.940000,-14.950000,23.410000
15.666667,0.140000,2.540000,1.080000,279.320000,-14.280000,24.890000
15.700000,0.150000,2.540000,1.090000,279.240000,-13.970000,24.780000
15.733333,0.150000,2.530000,1.100000,279.160000,-13.650000,24.670000
15.766667,0.150000,2.530000,1.090000,279.080000,-13.340000,24.550000
15.800000,0.150000,2.530000,1.080000,279.000000,-13.030000,24.440000
15.833333,0.140000,2.530000,1.060000,278.920000,-12.710000,24.330000
15.866667,0.140000,2.520000,1.050000,278.840000,-12.400000,24.220000
15.900000,0.140000,2.520000,1.040000,278.760000,-12.090000,24.100000
15.933333,0.140000,2.520000,1.030000,278.690000,-11.770000,23.990000
15.966667,0.140000,2.510000,1.010000,278.610000,-11.460000,23.880000
16.000000,0.130000,2.510000,1.000000,278.530000,-11.140000,23.770000
16.033333,0.130000,2.510000,0.990000,278.450000,-10.830000,23.660000
16.066667,0.130000,2.500000,0.980000,278.370000,-10.520000,23.540000
16.100000,0.130000,2.500000,0.970000,278.290000,-10.200000,23.430000
16.133333,0.130000,2.500000,0.950000,278.210000,-9.890000,23.320000
16.166667,0.130000,2.490000,0.940000,278.130000,-9.570000,23.210000
16.200000,0.120000,2.490000,0.930000,278.050000,-9.260000,23.090000
16.233333,0.120000,2.490000,0.920000,280.050000,-9.440000,24.230000
16.266667,0.120000,2.480000,0.900000,282.050000,-9.620000,25.370000
16.300000,0.120000,2.480000,0.890000,284.050000,-9.800000,26.510000
16.333333,0.120000,2.480000,0.880000,286.040000,-9.980000,27.650000
16.366667,0.110000,2.470000,0.870000,288.040000,-10.160000,28.790000
16.400000,0.110000,2.470000,0.850000,290.040000,-10.340000,29.930000
16.433333,0.110000,2.470000,0.840000,292.030000,-10.520000,31.070000
16.466667,0.110000,2.470000,0.850000,294.030000,-10.690000,32.210000
16.500000,0.100000,2.470000,0.850000,296.030000,-10.870000,33.350000
16.533333,0.100000,2.470000,0.860000,298.020000,-11.050000,34.490000
16.566667,0.100000,2.470000,0.860000,300.020000,-11.230000,35.630000
16.600000,0.090000,2.470000,0.860000,302.020000,-11.410000,36.770000
16.633333,0.090000,2.470000,0.870000,304.020000,-11.590000,37.910000
16.666667,0.090000,2.470000,0.870000,306.010000,-11.770000,39.050000
16.700000,0.090000,2.470000,0.880000,305.860000,-11.580000,38.610000
16.733333,0.090000,2.470000,0.880000,305.700000,-11.390000,38.160000
16.766667,0.090000,2.480000,0.880000,305.540000,-11.200000,37.720000
16.800000,0.090000,2.480000,0.890000,305.390000,-11.020000,37.270000
16.833333,0.100000,2.480000,0.890000,305.230000,-10.830000,36.830000
16.866667,0.100000,2.480000,0.890000,305.080000,-10.640000,36.380000
16.900000,0.100000,2.480000,0.900000,304.920000,-10.450000,35.940000
16.933333,0.100000,2.480000,0.900000,304.760000,-10.260000,35.490000
16.966667,0.110000,2.480000,0.900000,304.610000,-10.070000,35.040000
17.000000,0.110000,2.480000,0.910000,304.450000,-9.880000,34.600000
17.033333,0.110000,2.480000,0.910000,304.300000,-9.690000,34.150000
17.066667,0.110000,2.480000,0.910000,304.140000,-9.510000,33.710000
17.100000,0.110000,2.480000,0.920000,303.980000,-9.320000,33.260000
17.133333,0.120000,2.480000,0.920000,303.830000,-9.130000,32.820000
17.166667,0.120000,2.480000,0.930000,303.670000,-8.940000,32.370000
17.200000,0.120000,2.480000,0.930000,303.520000,-8.750000,31.930000
17.233333,0.120000,2.480000,0.930000,303.360000,-8.560000,31.480000
17.266667,0.120000,2.480000,0.940000,303.200000,-8.370000,31.040000
17.300000,0.130000,2.480000,0.940000,303.050000,-8.180000,30.590000
17.333333,0.130000,2.480000,0.940000,302.890000,-8.000000,30.150000
17.366667,0.130000,2.480000,0.950000,302.740000,-7.810000,29.700000
17.400000,0.130000,2.480000,0.950000,302.580000,-7.620000,29.260000
17.433333,0.140000,2.480000,0.950000,302.440000,-8.050000,26.970000
17.466667,0.140000,2.480000,0.960000,302.310000,-8.480000,24.680000
17.500000,0.140000,2.480000,0.960000,302.180000,-8.910000,22.390000
17.533333,0.140000,2.470000,0.970000,302.040000,-9.340000,20.100000
17.566667,0.140000,2.470000,0.970000,301.910000,-9.770000,17.810000
17.600000,0.140000,2.470000,0.980000,301.830000,-9.610000,17.270000
17.633333,0.140000,2.470000,0.990000,301.760000,-9.450000,16.730000
17.666667,0.140000,2.470000,0.990000,301.680000,-9.290000,16.200000
17.700000,0.140000,2.470000,1.000000,301.610000,-9.130000,15.660000
17.733333,0.130000,2.470000,1.000000,301.530000,-8.970000,15.120000
17.766667,0.130000,2.470000,1.010000,301.460000,-8.810000,14.580000
17.800000,0.130000,2.470000,1.010000,301.380000,-8.650000,14.040000
17.833333,0.130000,2.460000,1.020000,301.310000,-8.490000,13.500000
17.866667,0.130000,2.460000,1.030000,301.230000,-8.330000,12.970000
17.900000,0.130000,2.460000,1.030000,301.160000,-8.170000,12.430000
17.933333,0.130000,2.460000,1.040000,301.080000,-8.010000,11.890000
17.966667,0.130000,2.460000,1.040000,299.400000,-8.550000,11.210000
18.000000,0.130000,2.460000,1.050000,297.710000,-9.090000,10.520000
18.033333,0.130000,2.460000,1.050000,296.030000,-9.630000,9.840000
18.066667,0.130000,2.460000,1.060000,294.340000,-10.170000,9.160000
18.100000,0.130000,2.460000,1.070000,292.650000,-10.710000,8.470000
18.133333,0.130000,2.450000,1.070000,290.970000,-11.250000,7.790000
18.166667,0.130000,2.450000,1.080000,289.280000,-11.790000,7.110000
18.200000,0.130000,2.450000,1.080000,287.590000,-12.330000,6.420000
18.233333,0.130000,2.450000,1.090000,285.910000,-12.870000,5.740000
18.266667,0.130000,2.450000,1.090000,284.220000,-13.410000,5.060000
18.300000,0.130000,2.450000,1.100000,282.540000,-13.950000,4.370000
18.333333,0.130000,2.450000,1.110000,280.850000,-14.490000,3.690000
18.366667,0.130000,2.450000,1.110000,279.160000,-15.030000,3.010000
18.400000,0.130000,2.450000,1.120000,277.480000,-15.570000,2.320000
18.433333,0.130000,2.440000,1.120000,276.880000,-14.810000,1.970000
18.466667,0.130000,2.440000,1.130000,276.280000,-14.060000,1.620000
18.500000,0.130000,2.440000,1.130000,275.690000,-13.300000,1.260000
18.533333,0.130000,2.440000,1.140000,275.090000,-12.540000,0.910000
18.566667,0.120000,2.440000,1.140000,274.490000,-11.790000,0.560000
18.600000,0.120000,2.440000,1.130000,273.900000,-11.030000,0.200000
18.633333,0.120000,2.440000,1.130000,273.300000,-10.270000,-0.150000
18.666667,0.120000,2.440000,1.120000,272.700000,-9.520000,-0.500000
18.700000,0.110000,2.440000,1.120000,272.110000,-8.760000,-0.860000
18.733333,0.110000,2.450000,1.120000,271.510000,-8.000000,-1.210000
18.766667,0.110000,2.450000,1.110000,270.910000,-7.250000,-1.560000
18.800000,0.100000,2.450000,1.110000,270.310000,-6.490000,-1.920000
18.833333,0.100000,2.450000,1.110000,269.720000,-5.730000,-2.270000
18.866667,0.100000,2.450000,1.100000,269.120000,-4.980000,-2.620000
18.900000,0.100000,2.450000,1.100000,268.520000,-4.220000,-2.980000
18.933333,0.090000,2.450000,1.090000,267.930000,-3.460000,-3.330000
18.966667,0.090000,2.450000,1.090000,267.330000,-2.710000,-3.680000
19.000000,0.090000,2.450000,1.090000,267.850000,-1.490000,-2.890000
19.033333,0.080000,2.450000,1.100000,268.380000,-0.280000,-2.090000
19.066667,0.080000,2.450000,1.100000,268.900000,0.940000,-1.290000
19.100000,0.070000,2.450000,1.110000,269.420000,2.160000,-0.490000
19.133333,0.070000,2.450000,1.120000,269.950000,3.370000,0.300000
19.166667,0.060000,2.450000,1.130000,270.470000,4.590000,1.100000
19.200000,0.060000,2.450000,1.140000,270.990000,5.800000,1.900000
19.233333,0.060000,2.460000,1.150000,271.520000,7.020000,2.690000
19.266667,0.050000,2.460000,1.160000,272.040000,8.230000,3.490000
19.300000,0.050000,2.460000,1.160000,272.570000,9.450000,4.290000
19.333333,0.040000,2.460000,1.170000,273.090000,10.670000,5.080000
19.366667,0.040000,2.460000,1.180000,273.610000,11.880000,5.880000
19.400000,0.030000,2.460000,1.190000,274.140000,13.100000,6.680000
19.433333,0.030000,2.460000,1.200000,274.660000,14.310000,7.480000
19.466667,0.020000,2.460000,1.210000,275.180000,15.530000,8.270000
19.500000,0.020000,2.460000,1.200000,275.710000,16.750000,9.070000
19.533333,0.020000,2.470000,1.190000,276.230000,17.960000,9.870000
19.566667,0.020000,2.470000,1.180000,276.750000,19.180000,10.660000
19.600000,0.020000,2.480000,1.170000,277.410000,17.580000,9.630000
19.633333,0.030000,2.480000,1.160000,278.070000,15.970000,8.590000
19.666667,0.030000,2.490000,1.150000,278.730000,14.370000,7.560000
19.700000,0.030000,2.490000,1.150000,279.390000,12.770000,6.520000
19.733333,0.030000,2.500000,1.140000,280.050000,11.170000,5.490000
19.766667,0.030000,2.500000,1.130000,280.700000,9.570000,4.450000
19.800000,0.030000,2.510000,1.120000,279.690000,8.870000,4.250000
19.833333,0.030000,2.510000,1.110000,278.680000,8.180000,4.040000
19.866667,0.030000,2.520000,1.100000,277.670000,7.480000,3.830000
19.900000,0.030000,2.520000,1.090000,276.660000,6.790000,3.620000
19.933333,0.030000,2.530000,1.080000,275.650000,6.090000,3.410000
19.966667,0.030000,2.530000,1.080000,274.630000,5.400000,3.200000
20.000000,0.030000,2.540000,1.070000,273.620000,4.700000,2.990000
20.033333,0.030000,2.540000,1.060000,272.610000,4.010000,2.780000
20.066667,0.030000,2.550000,1.050000,271.600000,3.310000,2.570000
20.100000,0.030000,2.550000,1.040000,270.590000,2.620000,2.360000
20.133333,0.030000,2.560000,1.030000,269.570000,1.920000,2.150000
20.166667,0.030000,2.560000,1.020000,268.560000,1.230000,1.940000
20.200000,0.030000,2.570000,1.010000,267.550000,0.530000,1.740000
20.233333,0.030000,2.570000,1.020000,266.540000,-0.160000,1.530000
20.266667,0.030000,2.560000,1.020000,265.530000,-0.860000,1.320000
20.300000,0.030000,2.560000,1.030000,264.520000,-1.550000,1.110000
20.333333,0.030000,2.560000,1.030000,263.500000,-2.250000,0.900000
20.366667,0.040000,2.560000,1.040000,262.490000,-2.940000,0.690000
20.400000,0.040000,2.560000,1.040000,261.480000,-3.640000,0.480000
20.433333,0.040000,2.560000,1.050000,261.020000,-3.210000,0.650000
20.466667,0.040000,2.560000,1.050000,260.550000,-2.780000,0.820000
20.500000,0.040000,2.550000,1.060000,260.090000,-2.360000,0.990000
20.533333,0.040000,2.550000,1.060000,259.630000,-1.930000,1.160000
20.566667,0.040000,2.550000,1.070000,259.170000,-1.260000,0.350000
20.600000,0.040000,2.550000,1.070000,258.710000,-0.590000,-0.460000
20.633333,0.040000,2.550000,1.070000,258.250000,0.090000,-1.270000
20.666667,0.040000,2.550000,1.080000,257.800000,0.760000,-2.080000
20.700000,0.050000,2.550000,1.080000,257.340000,1.430000,-2.890000
20.733333,0.050000,2.540000,1.090000,256.880000,2.110000,-3.690000
20.766667,0.050000,2.540000,1.090000,256.430000,2.780000,-4.500000
20.800000,0.050000,2.540000,1.100000,255.970000,3.450000,-5.310000
20.833333,0.050000,2.540000,1.100000,255.510000,4.120000,-6.120000
20.866667,0.050000,2.540000,1.110000,255.050000,4.800000,-6.930000
20.900000,0.050000,2.540000,1.110000,254.600000,5.470000,-7.740000
20.933333,0.050000,2.540000,1.120000,254.140000,6.140000,-8.550000
20.966667,0.050000,2.540000,1.120000,253.680000,6.810000,-9.360000
21.000000,0.050000,2.530000,1.130000,253.220000,7.490000,-10.170000
21.033333,0.060000,2.530000,1.130000,252.770000,8.160000,-10.980000
21.066667,0.060000,2.530000,1.140000,252.310000,8.830000,-11.790000
21.100000,0.060000,2.540000,1.140000,251.850000,9.500000,-12.600000
21.133333,0.070000,2.540000,1.150000,251.400000,10.180000,-13.410000
21.166667,0.060000,2.530000,1.140000,250.940000,10.850000,-14.220000
21.200000,0.050000,2.530000,1.130000,250.480000,11.520000,-15.030000
21.233333,0.040000,2.530000,1.120000,250.020000,12.190000,-15.840000
21.266667,0.030000,2.530000,1.100000,249.570000,12.870000,-16.650000
21.300000,0.020000,2.520000,1.090000,249.110000,13.540000,-17.460000
21.333333,0.010000,2.520000,1.080000,248.650000,14.210000,-18.270000
21.366667,0.000000,2.520000,1.070000,248.190000,14.880000,-19.080000
21.400000,-0.010000,2.520000,1.060000,247.740000,15.560000,-19.890000
21.433333,-0.020000,2.510000,1.050000,247.280000,16.230000,-20.700000
21.466667,-0.030000,2.510000,1.040000,248.180000,15.940000,-20.390000
21.500000,-0.040000,2.510000,1.030000,249.080000,15.650000,-20.090000
21.533333,-0.050000,2.500000,1.020000,249.990000,15.360000,-19.780000
21.566667,-0.060000,2.500000,1.010000,250.890000,15.080000,-19.470000
21.600000,-0.070000,2.500000,1.000000,251.790000,14.790000,-19.160000
21.633333,-0.080000,2.500000,0.990000,252.700000,14.500000,-18.850000
21.666667,-0.090000,2.490000,0.980000,253.600000,14.210000,-18.550000
21.700000,-0.100000,2.490000,0.970000,254.500000,13.920000,-18.240000
21.733333,-0.110000,2.490000,0.960000,255.400000,13.630000,-17.930000
21.766667,-0.120000,2.490000,0.950000,256.310000,13.350000,-17.620000
21.800000,-0.130000,2.480000,0.940000,257.210000,13.060000,-17.320000
21.833333,-0.130000,2.480000,0.940000,258.110000,12.770000,-17.010000
21.866667,-0.130000,2.480000,0.950000,259.010000,12.480000,-16.700000
21.900000,-0.130000,2.480000,0.950000,259.920000,12.190000,-16.390000
21.933333,-0.130000,2.480000,0.960000,260.820000,11.900000,-16.080000
21.966667,-0.130000,2.480000,0.970000,261.720000,11.620000,-15.780000
22.000000,-0.130000,2.480000,0.970000,262.620000,11.330000,-15.470000
22.033333,-0.120000,2.490000,0.980000,263.530000,11.040000,-15.160000
22.066667,-0.120000,2.490000,0.990000,264.430000,10.750000,-14.850000
22.100000,-0.110000,2.490000,1.000000,265.330000,10.460000,-14.540000
22.133333,-0.100000,2.490000,1.000000,266.230000,10.170000,-14.240000
22.166667,-0.090000,2.490000,1.010000,267.140000,9.890000,-13.930000
22.200000,-0.090000,2.490000,1.020000,268.040000,9.600000,-13.620000
22.233333,-0.080000,2.500000,1.030000,267.920000,9.650000,-13.290000
22.266667,-0.070000,2.500000,1.040000,267.790000,9.710000,-12.950000
22.300000,-0.060000,2.500000,1.040000,267.670000,9.760000,-12.610000
22.333333,-0.060000,2.500000,1.050000,267.540000,9.820000,-12.280000
22.366667,-0.050000,2.500000,1.060000,267.420000,9.870000,-11.940000
22.400000,-0.040000,2.500000,1.070000,267.300000,9.930000,-11.610000
22.433333,-0.030000,2.500000,1.080000,267.170000,9.980000,-11.270000
22.466667,-0.030000,2.510000,1.080000,267.050000,10.040000,-10.940000
22.500000,-0.020000,2.510000,1.090000,266.930000,10.090000,-10.600000
22.533333,-0.010000,2.510000,1.090000,266.800000,10.150000,-10.270000
22.566667,-0.010000,2.500000,1.100000,266.680000,10.200000,-9.930000
22.600000,0.000000,2.500000,1.090000,266.560000,10.260000,-9.600000
22.633333,0.020000,2.500000,1.090000,266.430000,10.310000,-9.260000
22.666667,0.030000,2.500000,1.080000,266.310000,10.370000,-8.920000
22.700000,0.040000,2.500000,1.070000,266.180000,10.430000,-8.590000
22.733333,0.050000,2.500000,1.060000,266.060000,10.480000,-8.250000
22.766667,0.060000,2.500000,1.060000,265.940000,10.540000,-7.920000
22.800000,0.080000,2.490000,1.050000,265.810000,10.590000,-7.580000
22.833333,0.090000,2.490000,1.040000,265.690000,10.650000,-7.250000
22.866667,0.100000,2.490000,1.040000,265.570000,10.700000,-6.910000
22.900000,0.110000,2.490000,1.030000,265.440000,10.760000,-6.580000
22.933333,0.130000,2.490000,1.020000,265.320000,10.810000,-6.240000
22.966667,0.140000,2.490000,1.020000,265.200000,10.870000,-5.900000
23.000000,0.150000,2.490000,1.010000,265.070000,10.920000,-5.570000
23.033333,0.160000,2.490000,1.000000,264.950000,10.980000,-5.230000
23.066667,0.170000,2.480000,1.000000,264.820000,11.030000,-4.900000
23.100000,0.190000,2.480000,0.990000,266.790000,11.690000,-3.640000
23.133333,0.170000,2.480000,0.990000,268.750000,12.350000,-2.390000
23.166667,0.160000,2.480000,0.990000,270.710000,13.000000,-1.130000
23.200000,0.140000,2.470000,0.990000,272.670000,13.660000,0.130000
23.233333,0.130000,2.470000,0.990000,274.630000,14.320000,1.380000
23.266667,0.110000,2.460000,1.000000,276.590000,14.980000,2.640000
23.300000,0.100000,2.460000,1.000000,278.550000,15.640000,3.900000
23.333333,0.080000,2.450000,1.000000,280.510000,16.290000,5.150000
23.366667,0.060000,2.450000,1.000000,282.470000,16.950000,6.410000
23.400000,0.050000,2.450000,1.000000,284.430000,17.610000,7.670000
23.433333,0.030000,2.440000,1.000000,286.390000,18.270000,8.920000
23.466667,0.020000,2.440000,1.000000,288.350000,18.920000,10.180000
23.500000,0.000000,2.430000,1.000000,290.310000,19.580000,11.440000
23.533333,-0.010000,2.430000,1.000000,292.270000,20.240000,12.690000
23.566667,-0.030000,2.430000,1.000000,294.230000,20.900000,13.950000
23.600000,-0.040000,2.420000,1.000000,296.190000,21.560000,15.210000
23.633333,-0.060000,2.420000,1.000000,298.150000,22.210000,16.460000
23.666667,-0.070000,2.410000,1.010000,300.110000,22.870000,17.720000
23.700000,-0.090000,2.410000,1.010000,302.070000,23.530000,18.980000
23.733333,-0.100000,2.410000,1.010000,304.030000,24.190000,20.230000
23.766667,-0.120000,2.400000,1.010000,305.990000,24.840000,21.490000
23.800000,-0.130000,2.400000,1.010000,307.950000,25.500000,22.750000
23.833333,-0.150000,2.390000,1.010000,309.910000,26.160000,24.000000
23.866667,-0.160000,2.390000,1.010000,311.870000,26.820000,25.260000
23.900000,-0.180000,2.380000,1.010000,313.830000,27.480000,26.520000
23.933333,-0.190000,2.380000,1.010000,315.790000,28.130000,27.770000
23.966667,-0.210000,2.380000,1.010000,317.750000,28.790000,29.030000
24.000000,-0.220000,2.370000,1.010000,319.710000,29.450000,30.290000
24.033333,-0.220000,2.370000,1.020000,321.670000,30.110000,31.540000
24.066667,-0.230000,2.370000,1.040000,320.400000,30.240000,32.610000
24.100000,-0.230000,2.370000,1.050000,319.130000,30.360000,33.680000
24.133333,-0.230000,2.370000,1.060000,317.860000,30.490000,34.750000
24.166667,-0.230000,2.370000,1.070000,316.590000,30.620000,35.820000
24.200000,-0.230000,2.370000,1.080000,315.320000,30.750000,36.890000
24.233333,-0.230000,2.370000,1.090000,314.040000,30.880000,37.960000
24.266667,-0.230000,2.370000,1.100000,312.770000,31.000000,39.030000
24.300000,-0.230000,2.370000,1.110000,311.500000,31.130000,40.100000
24.333333,-0.230000,2.370000,1.120000,310.230000,31.260000,41.170000
24.366667,-0.230000,2.370000,1.130000,308.960000,31.390000,42.240000
24.400000,-0.230000,2.370000,1.130000,307.680000,31.520000,43.310000
24.433333,-0.220000,2.370000,1.130000,306.410000,31.640000,44.380000
24.466667,-0.210000,2.370000,1.130000,305.140000,31.770000,45.450000
24.500000,-0.210000,2.370000,1.130000,305.440000,30.350000,45.880000
24.533333,-0.200000,2.370000,1.130000,305.730000,28.920000,46.300000
24.566667,-0.190000,2.370000,1.130000,306.030000,27.500000,46.720000
24.600000,-0.190000,2.370000,1.130000,306.320000,26.070000,47.140000
24.633333,-0.180000,2.370000,1.130000,306.620000,24.650000,47.570000
24.666667,-0.180000,2.370000,1.130000,306.910000,23.220000,47.990000
24.700000,-0.170000,2.370000,1.130000,307.210000,21.800000,48.410000
24.733333,-0.160000,2.370000,1.130000,307.500000,20.370000,48.830000
24.766667,-0.160000,2.370000,1.120000,307.800000,18.950000,49.260000
24.800000,-0.150000,2.370000,1.120000,308.090000,17.520000,49.680000
24.833333,-0.150000,2.370000,1.120000,308.390000,16.100000,50.100000
24.866667,-0.140000,2.370000,1.120000,308.680000,14.670000,50.520000
24.900000,-0.130000,2.370000,1.120000,308.980000,13.250000,50.940000
24.933333,-0.130000,2.370000,1.120000,309.270000,11.830000,51.370000
24.966667,-0.120000,2.370000,1.120000,309.570000,10.400000,51.790000
25.000000,-0.120000,2.380000,1.120000,309.860000,8.980000,52.210000
25.033333,-0.110000,2.380000,1.120000,310.160000,7.550000,52.630000
25.066667,-0.100000,2.380000,1.120000,309.770000,6.560000,51.550000
25.100000,-0.100000,2.380000,1.120000,309.390000,5.560000,50.460000
25.133333,-0.090000,2.380000,1.120000,309.010000,4.570000,49.370000
25.166667,-0.090000,2.380000,1.120000,308.620000,3.580000,48.280000
25.200000,-0.090000,2.380000,1.120000,308.240000,2.580000,47.190000
25.233333,-0.080000,2.380000,1.120000,307.860000,1.590000,46.100000
25.266667,-0.080000,2.380000,1.120000,307.470000,0.600000,45.010000
25.300000,-0.080000,2.380000,1.120000,307.090000,-0.400000,43.920000
25.333333,-0.070000,2.370000,1.120000,306.710000,-1.390000,42.830000
25.366667,-0.070000,2.370000,1.130000,306.320000,-2.390000,41.750000
25.400000,-0.070000,2.370000,1.130000,305.940000,-3.380000,40.660000
25.433333,-0.060000,2.370000,1.130000,305.560000,-4.370000,39.570000
25.466667,-0.060000,2.370000,1.130000,305.170000,-5.370000,38.480000
25.500000,-0.060000,2.370000,1.130000,304.790000,-6.360000,37.390000
25.533333,-0.050000,2.370000,1.130000,304.410000,-7.350000,36.300000
25.566667,-0.050000,2.370000,1.130000,304.020000,-8.350000,35.210000
25.600000,-0.050000,2.370000,1.130000,303.640000,-9.340000,34.120000
25.633333,-0.050000,2.370000,1.120000,303.260000,-10.340000,33.030000
25.666667,-0.050000,2.370000,1.120000,302.870000,-11.330000,31.940000
25.700000,-0.050000,2.370000,1.110000,302.490000,-12.320000,30.860000
25.733333,-0.050000,2.370000,1.100000,302.110000,-13.320000,29.770000
25.766667,-0.050000,2.370000,1.100000,303.260000,-12.880000,30.730000
25.800000,-0.050000,2.370000,1.090000,304.420000,-12.450000,31.690000
25.833333,-0.050000,2.370000,1.090000,305.570000,-12.020000,32.650000
25.866667,-0.050000,2.370000,1.080000,306.730000,-11.590000,33.610000
25.900000,-0.050000,2.370000,1.080000,307.880000,-11.160000,34.570000
25.933333,-0.050000,2.370000,1.070000,309.040000,-10.720000,35.540000
25.966667,-0.050000,2.370000,1.070000,310.190000,-10.290000,36.500000
26.000000,-0.050000,2.370000,1.060000,311.350000,-9.860000,37.460000
26.033333,-0.050000,2.370000,1.050000,312.500000,-9.430000,38.420000
26.066667,-0.040000,2.380000,1.060000,313.660000,-9.000000,39.380000
26.100000,-0.040000,2.380000,1.070000,314.810000,-8.560000,40.340000
26.133333,-0.030000,2.390000,1.080000,315.970000,-8.130000,41.310000
26.166667,-0.020000,2.400000,1.090000,317.120000,-7.700000,42.270000
26.200000,-0.020000,2.400000,1.100000,318.280000,-7.270000,43.230000
26.233333,-0.010000,2.410000,1.110000,319.430000,-6.840000,44.190000
26.266667,0.000000,2.410000,1.110000,320.590000,-6.400000,45.150000
26.300000,0.000000,2.420000,1.120000,321.740000,-5.970000,46.110000
26.333333,0.010000,2.420000,1.130000,322.900000,-5.540000,47.080000
26.366667,0.020000,2.430000,1.140000,322.900000,-5.540000,47.080000
26.400000,0.020000,2.440000,1.150000,321.870000,-5.380000,47.770000
26.433333,0.030000,2.440000,1.160000,320.850000,-5.230000,48.460000
26.466667,0.030000,2.450000,1.170000,319.830000,-5.070000,49.160000
26.500000,0.040000,2.450000,1.160000,318.810000,-4.920000,49.850000
26.533333,0.040000,2.450000,1.150000,317.790000,-4.760000,50.550000
26.566667,0.040000,2.450000,1.140000,316.770000,-4.600000,51.240000
26.600000,0.040000,2.460000,1.140000,315.750000,-4.450000,51.940000
26.633333,0.040000,2.460000,1.130000,314.730000,-4.290000,52.630000
26.666667,0.040000,2.460000,1.120000,313.710000,-4.140000,53.330000
26.700000,0.040000,2.460000,1.110000,312.690000,-3.980000,54.020000
26.733333,0.040000,2.470000,1.110000,311.670000,-3.820000,54.710000
26.766667,0.040000,2.470000,1.100000,310.650000,-3.670000,55.410000
26.800000,0.040000,2.470000,1.090000,309.630000,-3.510000,56.100000
26.833333,0.040000,2.470000,1.080000,308.610000,-3.360000,56.800000
26.866667,0.040000,2.480000,1.080000,307.590000,-3.200000,57.490000
26.900000,0.040000,2.480000,1.070000,306.560000,-3.040000,58.190000
26.933333,0.040000,2.480000,1.060000,305.540000,-2.890000,58.880000
26.966667,0.040000,2.480000,1.060000,304.270000,-2.990000,59.080000
27.000000,0.040000,2.480000,1.050000,303.000000,-3.100000,59.280000
27.033333,0.040000,2.490000,1.040000,301.740000,-3.200000,59.480000
27.066667,0.040000,2.490000,1.030000,300.470000,-3.310000,59.680000
27.100000,0.040000,2.490000,1.030000,299.200000,-3.410000,59.880000
27.133333,0.040000,2.490000,1.040000,297.930000,-3.520000,60.080000
27.166667,0.040000,2.490000,1.050000,296.660000,-3.620000,60.270000
27.200000,0.030000,2.480000,1.070000,295.170000,-3.620000,59.040000
27.233333,0.030000,2.490000,1.070000,293.690000,-3.620000,57.800000
27.266667,0.030000,2.500000,1.070000,292.210000,-3.610000,56.560000
27.300000,0.030000,2.510000,1.070000,290.720000,-3.610000,55.320000
27.333333,0.020000,2.510000,1.070000,289.240000,-3.610000,54.080000
27.366667,0.020000,2.520000,1.080000,287.760000,-3.610000,52.840000
27.400000,0.020000,2.530000,1.080000,286.270000,-3.610000,51.600000
27.433333,0.010000,2.530000,1.080000,284.790000,-3.600000,50.360000
27.466667,0.010000,2.540000,1.080000,283.310000,-3.600000,49.120000
27.500000,0.010000,2.550000,1.080000,281.820000,-3.600000,47.880000
27.533333,0.010000,2.560000,1.080000,280.340000,-3.600000,46.640000
27.566667,0.000000,2.560000,1.080000,278.860000,-3.600000,45.400000
27.600000,0.000000,2.570000,1.090000,277.370000,-3.590000,44.160000
27.633333,0.000000,2.580000,1.090000,275.890000,-3.590000,42.920000
27.666667,0.000000,2.590000,1.090000,274.410000,-3.590000,41.680000
27.700000,-0.010000,2.590000,1.090000,272.920000,-3.590000,40.440000
27.733333,-0.010000,2.600000,1.090000,271.440000,-3.580000,39.200000
27.766667,-0.010000,2.610000,1.090000,269.960000,-3.580000,37.960000
27.800000,-0.020000,2.610000,1.100000,268.470000,-3.580000,36.720000
27.833333,-0.020000,2.620000,1.100000,266.990000,-3.580000,35.480000
27.866667,-0.020000,2.630000,1.100000,265.500000,-3.580000,34.240000
27.900000,-0.020000,2.640000,1.100000,265.460000,-5.000000,34.330000
27.933333,-0.030000,2.640000,1.100000,265.420000,-6.420000,34.420000
27.966667,-0.030000,2.650000,1.100000,265.370000,-7.840000,34.510000
28.000000,-0.030000,2.660000,1.100000,265.330000,-9.260000,34.610000
28.033333,-0.040000,2.670000,1.110000,265.290000,-10.680000,34.700000
28.066667,-0.040000,2.670000,1.110000,265.240000,-12.100000,34.790000
28.100000,-0.040000,2.680000,1.110000,265.200000,-13.520000,34.880000
28.133333,-0.040000,2.680000,1.100000,265.160000,-14.940000,34.970000
28.166667,-0.040000,2.680000,1.090000,265.110000,-16.360000,35.060000
28.200000,-0.050000,2.680000,1.080000,265.070000,-17.780000,35.150000
28.233333,-0.050000,2.680000,1.080000,265.030000,-19.200000,35.240000
28.266667,-0.050000,2.680000,1.070000,264.980000,-20.620000,35.330000
28.300000,-0.050000,2.680000,1.060000,264.940000,-22.040000,35.420000
28.333333,-0.050000,2.680000,1.050000,264.900000,-23.450000,35.510000
28.366667,-0.050000,2.680000,1.040000,264.850000,-24.870000,35.600000
28.400000,-0.060000,2.680000,1.040000,264.810000,-26.290000,35.700000
28.433333,-0.060000,2.680000,1.030000,264.760000,-27.710000,35.790000
28.466667,-0.060000,2.680000,1.020000,264.720000,-29.130000,35.880000
28.500000,-0.060000,2.680000,1.010000,264.680000,-30.550000,35.970000
28.533333,-0.060000,2.680000,1.000000,264.630000,-31.970000,36.060000
28.566667,-0.060000,2.680000,1.000000,264.590000,-33.390000,36.150000
28.600000,-0.070000,2.680000,0.990000,264.550000,-34.810000,36.240000
28.633333,-0.070000,2.680000,0.980000,264.500000,-36.230000,36.330000
28.666667,-0.070000,2.680000,0.970000,264.460000,-37.650000,36.420000
28.700000,-0.070000,2.680000,0.960000,264.420000,-39.070000,36.510000
28.733333,-0.070000,2.680000,0.960000,264.370000,-40.490000,36.600000
28.766667,-0.070000,2.680000,0.950000,264.330000,-41.910000,36.690000
28.800000,-0.070000,2.680000,0.940000,264.290000,-43.330000,36.790000
28.833333,-0.080000,2.680000,0.930000,264.240000,-44.750000,36.880000
28.866667,-0.080000,2.680000,0.920000,264.200000,-46.170000,36.970000
28.900000,-0.080000,2.680000,0.920000,264.480000,-44.970000,35.490000
28.933333,-0.080000,2.670000,0.900000,264.760000,-43.760000,34.010000
28.966667,-0.070000,2.670000,0.890000,265.030000,-42.560000,32.530000
29.000000,-0.070000,2.670000,0.880000,265.310000,-41.360000,31.050000
29.033333,-0.060000,2.660000,0.870000,265.590000,-40.150000,29.570000
29.066667,-0.060000,2.660000,0.850000,265.870000,-38.950000,28.090000
29.100000,-0.060000,2.650000,0.860000,266.150000,-37.740000,26.620000
29.133333,-0.060000,2.650000,0.870000,266.430000,-36.540000,25.140000
29.166667,-0.060000,2.650000,0.880000,266.700000,-35.330000,23.660000
29.200000,-0.060000,2.650000,0.890000,266.980000,-34.130000,22.180000
29.233333,-0.060000,2.650000,0.900000,267.260000,-32.930000,20.700000
29.266667,-0.060000,2.640000,0.910000,267.540000,-31.720000,19.220000
29.300000,-0.060000,2.640000,0.920000,267.820000,-30.520000,17.740000
29.333333,-0.060000,2.640000,0.930000,268.100000,-29.310000,16.270000
29.366667,-0.060000,2.640000,0.940000,269.520000,-29.430000,14.850000
29.400000,-0.060000,2.630000,0.950000,270.950000,-29.550000,13.430000
29.433333,-0.060000,2.630000,0.960000,272.380000,-29.670000,12.000000
29.466667,-0.050000,2.630000,0.970000,273.800000,-29.780000,10.580000
29.500000,-0.050000,2.630000,0.980000,275.230000,-29.900000,9.160000
29.533333,-0.050000,2.620000,0.990000,276.660000,-30.020000,7.740000
29.566667,-0.050000,2.620000,1.000000,278.080000,-30.140000,6.320000
29.600000,-0.050000,2.620000,1.010000,278.290000,-30.350000,6.420000
29.633333,-0.050000,2.620000,1.020000,278.500000,-30.570000,6.510000
29.666667,-0.050000,2.620000,1.030000,278.710000,-30.790000,6.610000
29.700000,-0.050000,2.610000,1.040000,278.910000,-31.010000,6.700000
29.733333,-0.050000,2.610000,1.050000,279.120000,-31.230000,6.790000
29.766667,-0.050000,2.610000,1.060000,279.330000,-31.450000,6.890000
29.800000,-0.050000,2.610000,1.070000,279.540000,-31.660000,6.980000
29.833333,-0.050000,2.600000,1.080000,279.750000,-31.880000,7.070000
29.866667,-0.050000,2.600000,1.080000,279.950000,-32.100000,7.170000
29.900000,-0.050000,2.600000,1.090000,280.160000,-32.320000,7.260000
29.933333,-0.050000,2.600000,1.100000,280.370000,-32.540000,7.360000
29.966667,-0.050000,2.600000,1.110000,280.580000,-32.760000,7.450000
